ID,Company,Matched company,Subfund,Nominal/Quantity,Market value,Currency,% net assets,Acquisition cost,Acquisition currency,Format,Document,Financial instrument,Report page
1,Volvo Car Corp,Volvo AB,AKTIV FÖRMÖGENHETSFÖRVALTNING,242000.0,65001200.0,SEK,0.023,48269896.0,SEK,DANSKEINVEST-EN24, 2024.12.31,EQUITY,57
2,Carlsberg Group,Carlsberg A/S,DENMARK FOCUS,6497.0,4482930.0,DKK,0.0213,5587877.0,DKK,DANSKEINVEST-EN24, 2024.12.31,EQUITY,67
3,Siemens,Siemens Ltd.,EMERGING MARKETS SUSTAINABLE FUTURE,3885.0,287203.0,EUR,0.0052,303138.0,INR,DANSKEINVEST-EN24, 2024.12.31,EQUITY,88
4,HD Hyundai,HD Hyundai Electric Co. Ltd.,EMERGING MARKETS SUSTAINABLE FUTURE,1658.0,412944.0,EUR,0.0075,411813.0,KRW,DANSKEINVEST-EN24, 2024.12.31,EQUITY,89
5,Altice International,Altice Finco SA 4.75% 15.01.28,EURO HIGH YIELD BOND,100000.0,56450.0,EUR,0.0114,84800.0,EUR,DANSKEINVEST-EN24, 2024.12.31,BOND,92
6,Volvo Car Corp,Volvo Car AB 2.50% 07.10.27,EURO HIGH YIELD BOND,100000.0,98088.0,EUR,0.0197,95500.0,EUR,DANSKEINVEST-EN24, 2024.12.31,BOND,93
7,Carlsberg Group,Carlsberg Breweries A/S 4.00% 05.10.28,EURO INVESTMENT GRADE CORPORATE BOND,7596000.0,7898577.0,EUR,0.0144,7554210.0,EUR,DANSKEINVEST-EN24, 2024.12.31,BOND,95
8,Carrefour,Carrefour SA 4.13% 12.10.28,EURO INVESTMENT GRADE CORPORATE BOND,4100000.0,4254003.0,EUR,0.0077,4084775.0,EUR,DANSKEINVEST-EN24, 2024.12.31,BOND,96
9,CNH Industrial,CNH Industrial NV 3.75% 11.06.31,EURO INVESTMENT GRADE CORPORATE BOND,2050000.0,2088595.0,EUR,0.0038,2032944.0,EUR,DANSKEINVEST-EN24, 2024.12.31,BOND,98
10,Volvo Car Corp,Volvo Treasury AB 3.13% 26.08.29,EURO INVESTMENT GRADE CORPORATE BOND,1590000.0,1594070.0,EUR,0.0029,1584721.0,EUR,DANSKEINVEST-EN24, 2024.12.31,BOND,99
11,Booking Holdings,"Booking Holdings, Inc. 3.25% 21.11.32",EURO INVESTMENT GRADE CORPORATE BOND,931000.0,933011.0,EUR,0.0017,925591.0,EUR,DANSKEINVEST-EN24, 2024.12.31,BOND,100
12,Booking Holdings,"Booking Holdings, Inc. 4.50% 15.11.31",EURO INVESTMENT GRADE CORPORATE BOND,3500000.0,3768220.0,EUR,0.0068,3713500.0,EUR,DANSKEINVEST-EN24, 2024.12.31,BOND,100
13,Siemens,Siemens AG,EUROPE,6884.0,1298047.0,EUR,0.0212,1319480.0,EUR,DANSKEINVEST-EN24, 2024.12.31,EQUITY,103
14,Siemens,Siemens AG,EUROPE HIGH DIVIDEND,5802.0,1094025.0,EUR,0.0246,803116.0,EUR,DANSKEINVEST-EN24, 2024.12.31,EQUITY,106
15,Heidelberg Materials,Heidelberg Materials AG,EUROPE LONG-SHORT EQUITY FACTORS,5225.0,623343.0,EUR,0.0098,637351.0,EUR,DANSKEINVEST-EN24, 2024.12.31,EQUITY,109
16,Siemens,Siemens Energy Finance BV 4.25% 05.04.29,EUROPEAN CORPORATE SUSTAINABLE BOND,2000000.0,2072681.0,EUR,0.0032,2079180.0,EUR,DANSKEINVEST-EN24, 2024.12.31,BOND,118
17,HD Hyundai,HD Hyundai Marine Solution Co. Ltd.,GLOBAL EMERGING MARKETS SMALL CAP,6516.0,714385.0,USD,0.0274,561286.0,KRW,DANSKEINVEST-EN24, 2024.12.31,EQUITY,137
18,Carlsberg Group,Carlsberg A/S,GLOBAL INDEX,7603.0,8048925.0,SEK,0.0002,10039768.0,DKK,DANSKEINVEST-EN24, 2024.12.31,EQUITY,150
19,Carrefour,Carrefour SA,GLOBAL INDEX,25398.0,3989817.0,SEK,1e-04,4213787.0,EUR,DANSKEINVEST-EN24, 2024.12.31,EQUITY,150
20,Heidelberg Materials,Heidelberg Materials AG,GLOBAL INDEX,3667.0,5005348.0,SEK,1e-04,5134685.0,EUR,DANSKEINVEST-EN24, 2024.12.31,EQUITY,151
21,Siemens,Siemens AG,GLOBAL INDEX,48259.0,104114400.0,SEK,0.0021,54938570.0,EUR,DANSKEINVEST-EN24, 2024.12.31,EQUITY,152
22,Siemens,Siemens Energy AG,GLOBAL INDEX,36955.0,21301700.0,SEK,0.0004,7654130.0,EUR,DANSKEINVEST-EN24, 2024.12.31,EQUITY,152
23,Siemens,Siemens Healthineers AG,GLOBAL INDEX,15200.0,8904232.0,SEK,0.0002,7177164.0,EUR,DANSKEINVEST-EN24, 2024.12.31,EQUITY,152
24,Leonardo,Leonardo SpA,GLOBAL INDEX,73650.0,21850340.0,SEK,0.0005,19023930.0,EUR,DANSKEINVEST-EN24, 2024.12.31,EQUITY,153
25,FANUC Corp,FANUC Corp.,GLOBAL INDEX,54325.0,15945825.0,SEK,0.0003,20397148.0,JPY,DANSKEINVEST-EN24, 2024.12.31,EQUITY,154
26,CNH Industrial,CNH Industrial NV,GLOBAL INDEX,57532.0,7202316.0,SEK,1e-04,6968441.0,USD,DANSKEINVEST-EN24, 2024.12.31,EQUITY,157
27,Volvo Car Corp,Volvo AB,GLOBAL INDEX,112889.0,30469764.0,SEK,0.0006,26047876.0,SEK,DANSKEINVEST-EN24, 2024.12.31,EQUITY,159
28,BP Plc,BP plc,GLOBAL INDEX,1323774.0,71991670.0,SEK,0.0015,72813144.0,GBP,DANSKEINVEST-EN24, 2024.12.31,EQUITY,161
29,Airbnb,"Airbnb, Inc.",GLOBAL INDEX,29400.0,42688268.0,SEK,0.0009,39609876.0,USD,DANSKEINVEST-EN24, 2024.12.31,EQUITY,162
30,Alphabet,"Alphabet, Inc.",GLOBAL INDEX,690549.0,1448417800.0,SEK,0.0296,548548160.0,USD,DANSKEINVEST-EN24, 2024.12.31,EQUITY,162
31,Amazon,"Amazon.com, Inc.",GLOBAL INDEX,599601.0,1453489800.0,SEK,0.0297,593035700.0,USD,DANSKEINVEST-EN24, 2024.12.31,EQUITY,162
32,Apple,"Apple, Inc.",GLOBAL INDEX,963108.0,2664874800.0,SEK,0.0545,970919100.0,USD,DANSKEINVEST-EN24, 2024.12.31,EQUITY,162
33,Blackrock,"BlackRock, Inc.",GLOBAL INDEX,9905.0,112190930.0,SEK,0.0023,55615948.0,USD,DANSKEINVEST-EN24, 2024.12.31,EQUITY,163
34,Booking Holdings,"Booking Holdings, Inc.",GLOBAL INDEX,2163.0,118742900.0,SEK,0.0024,40160696.0,USD,DANSKEINVEST-EN24, 2024.12.31,EQUITY,163
35,Caterpillar,"Caterpillar, Inc.",GLOBAL INDEX,31693.0,127032700.0,SEK,0.0026,51265710.0,USD,DANSKEINVEST-EN24, 2024.12.31,EQUITY,163
36,Chevron,Chevron Corp.,GLOBAL INDEX,128458.0,205580770.0,SEK,0.0042,155554200.0,USD,DANSKEINVEST-EN24, 2024.12.31,EQUITY,164
37,Cisco Systems,"Cisco Systems, Inc.",GLOBAL INDEX,264570.0,173059360.0,SEK,0.0035,101760340.0,USD,DANSKEINVEST-EN24, 2024.12.31,EQUITY,164
38,Expedia,"Expedia Group, Inc.",GLOBAL INDEX,8652.0,17812796.0,SEK,0.0004,12949350.0,USD,DANSKEINVEST-EN24, 2024.12.31,EQUITY,165
39,Hewlett Packard Enterprise,Hewlett Packard Enterprise Co.,GLOBAL INDEX,82163.0,19382374.0,SEK,0.0004,10930312.0,USD,DANSKEINVEST-EN24, 2024.12.31,EQUITY,166
40,International Business Machines,International Business Machines Corp.,GLOBAL INDEX,59658.0,144906690.0,SEK,0.003,78254460.0,USD,DANSKEINVEST-EN24, 2024.12.31,EQUITY,166
41,Microsoft,Microsoft Corp.,GLOBAL INDEX,448180.0,2087290200.0,SEK,0.0427,815742000.0,USD,DANSKEINVEST-EN24, 2024.12.31,EQUITY,168
42,Motorola Solutions,"Motorola Solutions, Inc.",GLOBAL INDEX,10900.0,55669510.0,SEK,0.0011,30980168.0,USD,DANSKEINVEST-EN24, 2024.12.31,EQUITY,168
43,NVIDIA,NVIDIA Corp.,GLOBAL INDEX,1553616.0,2305261300.0,SEK,0.0472,361322940.0,USD,DANSKEINVEST-EN24, 2024.12.31,EQUITY,168
44,Palantir Technologies,"Palantir Technologies, Inc.",GLOBAL INDEX,129700.0,108384424.0,SEK,0.0022,25142338.0,USD,DANSKEINVEST-EN24, 2024.12.31,EQUITY,168
45,Carlsberg Group,Carl Zeiss Meditec AG,GLOBAL INDEX RESTRICTED,1167.0,607793.0,SEK,1e-04,773709.0,EUR,DANSKEINVEST-EN24, 2024.12.31,EQUITY,175
46,Siemens,Siemens AG,GLOBAL INDEX RESTRICTED,319.0,688213.0,SEK,0.0002,460517.0,EUR,DANSKEINVEST-EN24, 2024.12.31,EQUITY,176
47,FANUC Corp,FANUC Corp.,GLOBAL INDEX RESTRICTED,30900.0,9069968.0,SEK,0.0021,9821629.0,JPY,DANSKEINVEST-EN24, 2024.12.31,EQUITY,176
48,Airbnb,"Airbnb, Inc.",GLOBAL INDEX RESTRICTED,2400.0,3484757.0,SEK,0.0008,3181726.0,USD,DANSKEINVEST-EN24, 2024.12.31,EQUITY,179
49,Alphabet,"Alphabet, Inc.",GLOBAL INDEX RESTRICTED,63929.0,134251120.0,SEK,0.0305,56776320.0,USD,DANSKEINVEST-EN24, 2024.12.31,EQUITY,179
50,Amazon,"Amazon.com, Inc.",GLOBAL INDEX RESTRICTED,52589.0,127480730.0,SEK,0.029,60646188.0,USD,DANSKEINVEST-EN24, 2024.12.31,EQUITY,179
51,Apple,"Apple, Inc.",GLOBAL INDEX RESTRICTED,88140.0,243879250.0,SEK,0.0554,101253100.0,USD,DANSKEINVEST-EN24, 2024.12.31,EQUITY,180
52,Blackrock,"BlackRock, Inc.",GLOBAL INDEX RESTRICTED,1284.0,14543479.0,SEK,0.0033,8244098.0,USD,DANSKEINVEST-EN24, 2024.12.31,EQUITY,180
53,Booking Holdings,"Booking Holdings, Inc.",GLOBAL INDEX RESTRICTED,109.0,5983807.0,SEK,0.0014,2613595.0,USD,DANSKEINVEST-EN24, 2024.12.31,EQUITY,180
54,Cisco Systems,"Cisco Systems, Inc.",GLOBAL INDEX RESTRICTED,34163.0,22346552.0,SEK,0.0051,15549416.0,USD,DANSKEINVEST-EN24, 2024.12.31,EQUITY,180
55,Hewlett Packard Enterprise,Hewlett Packard Enterprise Co.,GLOBAL INDEX RESTRICTED,14052.0,3314888.0,SEK,0.0008,1972724.0,USD,DANSKEINVEST-EN24, 2024.12.31,EQUITY,181
56,International Business Machines,International Business Machines Corp.,GLOBAL INDEX RESTRICTED,14817.0,35989850.0,SEK,0.0082,21193404.0,USD,DANSKEINVEST-EN24, 2024.12.31,EQUITY,181
57,Microsoft,Microsoft Corp.,GLOBAL INDEX RESTRICTED,44006.0,204947330.0,SEK,0.0466,100026730.0,USD,DANSKEINVEST-EN24, 2024.12.31,EQUITY,182
58,Motorola Solutions,"Motorola Solutions, Inc.",GLOBAL INDEX RESTRICTED,3000.0,15321884.0,SEK,0.0035,9640208.0,USD,DANSKEINVEST-EN24, 2024.12.31,EQUITY,182
59,NVIDIA,NVIDIA Corp.,GLOBAL INDEX RESTRICTED,156892.0,232796940.0,SEK,0.0529,70246560.0,USD,DANSKEINVEST-EN24, 2024.12.31,EQUITY,182
60,Palantir Technologies,"Palantir Technologies, Inc.",GLOBAL INDEX RESTRICTED,3600.0,3008357.0,SEK,0.0007,995651.0,USD,DANSKEINVEST-EN24, 2024.12.31,EQUITY,183
61,Carlsberg Group,Carlsberg A/S,GLOBAL PORTFOLIO SOLUTION - BALANCED,1037.0,95951.0,EUR,,137932.0,DKK,DANSKEINVEST-EN24, 2024.12.31,EQUITY,198
62,Carrefour,Carrefour SA,GLOBAL PORTFOLIO SOLUTION - BALANCED,4680.0,64256.0,EUR,,81034.0,EUR,DANSKEINVEST-EN24, 2024.12.31,EQUITY,199
63,Carlsberg Group,Carl Zeiss Meditec AG,GLOBAL PORTFOLIO SOLUTION - BALANCED,206.0,9377.0,EUR,,26882.0,EUR,DANSKEINVEST-EN24, 2024.12.31,EQUITY,200
64,Heidelberg Materials,Heidelberg Materials AG,GLOBAL PORTFOLIO SOLUTION - BALANCED,994.0,118584.0,EUR,1e-04,81370.0,EUR,DANSKEINVEST-EN24, 2024.12.31,EQUITY,200
65,Siemens,Siemens AG,GLOBAL PORTFOLIO SOLUTION - BALANCED,8677.0,1636135.0,EUR,0.0007,1319042.0,EUR,DANSKEINVEST-EN24, 2024.12.31,EQUITY,201
66,Siemens,Siemens Energy AG,GLOBAL PORTFOLIO SOLUTION - BALANCED,7701.0,387976.0,EUR,0.0002,148400.0,EUR,DANSKEINVEST-EN24, 2024.12.31,EQUITY,201
67,Siemens,Siemens Healthineers AG,GLOBAL PORTFOLIO SOLUTION - BALANCED,2670.0,136704.0,EUR,1e-04,138503.0,EUR,DANSKEINVEST-EN24, 2024.12.31,EQUITY,201
68,Leonardo,Leonardo SpA,GLOBAL PORTFOLIO SOLUTION - BALANCED,12834.0,332786.0,EUR,0.0002,282807.0,EUR,DANSKEINVEST-EN24, 2024.12.31,EQUITY,202
69,FANUC Corp,FANUC Corp.,GLOBAL PORTFOLIO SOLUTION - BALANCED,11200.0,287331.0,EUR,1e-04,341645.0,JPY,DANSKEINVEST-EN24, 2024.12.31,EQUITY,203
70,CNH Industrial,CNH Industrial NV,GLOBAL PORTFOLIO SOLUTION - BALANCED,10600.0,115981.0,EUR,1e-04,116391.0,USD,DANSKEINVEST-EN24, 2024.12.31,EQUITY,206
71,Volvo Car Corp,Volvo AB,GLOBAL PORTFOLIO SOLUTION - BALANCED,20074.0,473342.0,EUR,0.0002,413670.0,SEK,DANSKEINVEST-EN24, 2024.12.31,EQUITY,208
72,BP Plc,BP plc,GLOBAL PORTFOLIO SOLUTION - BALANCED,238856.0,1135329.0,EUR,0.0005,1362045.0,GBP,DANSKEINVEST-EN24, 2024.12.31,EQUITY,210
73,Airbnb,"Airbnb, Inc.",GLOBAL PORTFOLIO SOLUTION - BALANCED,5000.0,634524.0,EUR,0.0003,640746.0,USD,DANSKEINVEST-EN24, 2024.12.31,EQUITY,211
74,Alphabet,"Alphabet, Inc.",GLOBAL PORTFOLIO SOLUTION - BALANCED,120293.0,22054434.0,EUR,0.0096,13101445.0,USD,DANSKEINVEST-EN24, 2024.12.31,EQUITY,211
75,Amazon,"Amazon.com, Inc.",GLOBAL PORTFOLIO SOLUTION - BALANCED,103295.0,21884972.0,EUR,0.0095,12457600.0,USD,DANSKEINVEST-EN24, 2024.12.31,EQUITY,211
76,Apple,"Apple, Inc.",GLOBAL PORTFOLIO SOLUTION - BALANCED,166300.0,40217136.0,EUR,0.0175,26113444.0,USD,DANSKEINVEST-EN24, 2024.12.31,EQUITY,211
77,Blackrock,"BlackRock, Inc.",GLOBAL PORTFOLIO SOLUTION - BALANCED,1800.0,1781939.0,EUR,0.0008,1205451.0,USD,DANSKEINVEST-EN24, 2024.12.31,EQUITY,212
78,Booking Holdings,"Booking Holdings, Inc.",GLOBAL PORTFOLIO SOLUTION - BALANCED,395.0,1895245.0,EUR,0.0008,1041451.0,USD,DANSKEINVEST-EN24, 2024.12.31,EQUITY,212
79,Caterpillar,"Caterpillar, Inc.",GLOBAL PORTFOLIO SOLUTION - BALANCED,5600.0,1961812.0,EUR,0.0009,1343287.0,USD,DANSKEINVEST-EN24, 2024.12.31,EQUITY,212
80,Chevron,Chevron Corp.,GLOBAL PORTFOLIO SOLUTION - BALANCED,22400.0,3133188.0,EUR,0.0014,3211228.0,USD,DANSKEINVEST-EN24, 2024.12.31,EQUITY,212
81,Cisco Systems,"Cisco Systems, Inc.",GLOBAL PORTFOLIO SOLUTION - BALANCED,47400.0,2709879.0,EUR,0.0012,2170309.0,USD,DANSKEINVEST-EN24, 2024.12.31,EQUITY,213
82,Expedia,"Expedia Group, Inc.",GLOBAL PORTFOLIO SOLUTION - BALANCED,1400.0,251919.0,EUR,1e-04,171463.0,USD,DANSKEINVEST-EN24, 2024.12.31,EQUITY,214
83,Hewlett Packard Enterprise,Hewlett Packard Enterprise Co.,GLOBAL PORTFOLIO SOLUTION - BALANCED,13900.0,286591.0,EUR,1e-04,202992.0,USD,DANSKEINVEST-EN24, 2024.12.31,EQUITY,215
84,International Business Machines,International Business Machines Corp.,GLOBAL PORTFOLIO SOLUTION - BALANCED,10300.0,2186624.0,EUR,0.0009,1382330.0,USD,DANSKEINVEST-EN24, 2024.12.31,EQUITY,215
85,Microsoft,Microsoft Corp.,GLOBAL PORTFOLIO SOLUTION - BALANCED,77971.0,31738076.0,EUR,0.0138,22589724.0,USD,DANSKEINVEST-EN24, 2024.12.31,EQUITY,217
86,Motorola Solutions,"Motorola Solutions, Inc.",GLOBAL PORTFOLIO SOLUTION - BALANCED,1900.0,848128.0,EUR,0.0004,503005.0,USD,DANSKEINVEST-EN24, 2024.12.31,EQUITY,217
87,NVIDIA,NVIDIA Corp.,GLOBAL PORTFOLIO SOLUTION - BALANCED,269284.0,34922404.0,EUR,0.0152,10166311.0,USD,DANSKEINVEST-EN24, 2024.12.31,EQUITY,217
88,Palantir Technologies,"Palantir Technologies, Inc.",GLOBAL PORTFOLIO SOLUTION - BALANCED,22600.0,1650640.0,EUR,0.0007,338358.0,USD,DANSKEINVEST-EN24, 2024.12.31,EQUITY,217
89,Carlsberg Group,Carlsberg A/S,GLOBAL PORTFOLIO SOLUTION - DEFENSIVE,183.0,16933.0,EUR,,26863.0,DKK,DANSKEINVEST-EN24, 2024.12.31,EQUITY,227
90,Siemens,Siemens AG,GLOBAL PORTFOLIO SOLUTION - DEFENSIVE,580.0,109365.0,EUR,0.0002,94196.0,EUR,DANSKEINVEST-EN24, 2024.12.31,EQUITY,228
91,Siemens,Siemens Energy AG,GLOBAL PORTFOLIO SOLUTION - DEFENSIVE,283.0,14258.0,EUR,,7025.0,EUR,DANSKEINVEST-EN24, 2024.12.31,EQUITY,228
92,Leonardo,Leonardo SpA,GLOBAL PORTFOLIO SOLUTION - DEFENSIVE,1247.0,32335.0,EUR,,27217.0,EUR,DANSKEINVEST-EN24, 2024.12.31,EQUITY,229
93,Volvo Car Corp,Volvo AB,GLOBAL PORTFOLIO SOLUTION - DEFENSIVE,1408.0,33054.0,EUR,1e-04,26769.0,SEK,DANSKEINVEST-EN24, 2024.12.31,EQUITY,233
94,BP Plc,BP plc,GLOBAL PORTFOLIO SOLUTION - DEFENSIVE,21043.0,100021.0,EUR,0.0002,116580.0,GBP,DANSKEINVEST-EN24, 2024.12.31,EQUITY,233
95,Airbnb,"Airbnb, Inc.",GLOBAL PORTFOLIO SOLUTION - DEFENSIVE,500.0,63452.0,EUR,1e-04,66868.0,USD,DANSKEINVEST-EN24, 2024.12.31,EQUITY,234
96,Alphabet,"Alphabet, Inc.",GLOBAL PORTFOLIO SOLUTION - DEFENSIVE,9236.0,1693179.0,EUR,0.0025,1214905.0,USD,DANSKEINVEST-EN24, 2024.12.31,EQUITY,234
97,Amazon,"Amazon.com, Inc.",GLOBAL PORTFOLIO SOLUTION - DEFENSIVE,7874.0,1668254.0,EUR,0.0025,1167848.0,USD,DANSKEINVEST-EN24, 2024.12.31,EQUITY,234
98,Apple,"Apple, Inc.",GLOBAL PORTFOLIO SOLUTION - DEFENSIVE,12600.0,3047119.0,EUR,0.0045,2089342.0,USD,DANSKEINVEST-EN24, 2024.12.31,EQUITY,234
99,Blackrock,"BlackRock, Inc.",GLOBAL PORTFOLIO SOLUTION - DEFENSIVE,142.0,140575.0,EUR,0.0002,110693.0,USD,DANSKEINVEST-EN24, 2024.12.31,EQUITY,235
100,Booking Holdings,"Booking Holdings, Inc.",GLOBAL PORTFOLIO SOLUTION - DEFENSIVE,25.0,119952.0,EUR,0.0002,73216.0,USD,DANSKEINVEST-EN24, 2024.12.31,EQUITY,235
101,Caterpillar,"Caterpillar, Inc.",GLOBAL PORTFOLIO SOLUTION - DEFENSIVE,500.0,175162.0,EUR,0.0003,128111.0,USD,DANSKEINVEST-EN24, 2024.12.31,EQUITY,235
102,Chevron,Chevron Corp.,GLOBAL PORTFOLIO SOLUTION - DEFENSIVE,1563.0,218624.0,EUR,0.0003,220469.0,USD,DANSKEINVEST-EN24, 2024.12.31,EQUITY,235
103,Cisco Systems,"Cisco Systems, Inc.",GLOBAL PORTFOLIO SOLUTION - DEFENSIVE,3200.0,182945.0,EUR,0.0003,143215.0,USD,DANSKEINVEST-EN24, 2024.12.31,EQUITY,236
104,Expedia,"Expedia Group, Inc.",GLOBAL PORTFOLIO SOLUTION - DEFENSIVE,200.0,35988.0,EUR,1e-04,36691.0,USD,DANSKEINVEST-EN24, 2024.12.31,EQUITY,237
105,Hewlett Packard Enterprise,Hewlett Packard Enterprise Co.,GLOBAL PORTFOLIO SOLUTION - DEFENSIVE,1700.0,35051.0,EUR,1e-04,28202.0,USD,DANSKEINVEST-EN24, 2024.12.31,EQUITY,238
106,International Business Machines,International Business Machines Corp.,GLOBAL PORTFOLIO SOLUTION - DEFENSIVE,700.0,148605.0,EUR,0.0002,98940.0,USD,DANSKEINVEST-EN24, 2024.12.31,EQUITY,238
107,Microsoft,Microsoft Corp.,GLOBAL PORTFOLIO SOLUTION - DEFENSIVE,5954.0,2423574.0,EUR,0.0036,1987589.0,USD,DANSKEINVEST-EN24, 2024.12.31,EQUITY,239
108,Motorola Solutions,"Motorola Solutions, Inc.",GLOBAL PORTFOLIO SOLUTION - DEFENSIVE,200.0,89277.0,EUR,1e-04,58390.0,USD,DANSKEINVEST-EN24, 2024.12.31,EQUITY,239
109,NVIDIA,NVIDIA Corp.,GLOBAL PORTFOLIO SOLUTION - DEFENSIVE,20624.0,2674647.0,EUR,0.0039,1261431.0,USD,DANSKEINVEST-EN24, 2024.12.31,EQUITY,239
110,Palantir Technologies,"Palantir Technologies, Inc.",GLOBAL PORTFOLIO SOLUTION - DEFENSIVE,1500.0,109556.0,EUR,0.0002,30565.0,USD,DANSKEINVEST-EN24, 2024.12.31,EQUITY,240
111,Carlsberg Group,Carlsberg A/S,GLOBAL PORTFOLIO SOLUTION - OPPORTUNITY,408.0,37751.0,EUR,,53601.0,DKK,DANSKEINVEST-EN24, 2024.12.31,EQUITY,252
112,Carrefour,Carrefour SA,GLOBAL PORTFOLIO SOLUTION - OPPORTUNITY,1526.0,20952.0,EUR,,26964.0,EUR,DANSKEINVEST-EN24, 2024.12.31,EQUITY,253
113,Heidelberg Materials,Heidelberg Materials AG,GLOBAL PORTFOLIO SOLUTION - OPPORTUNITY,309.0,36864.0,EUR,,27123.0,EUR,DANSKEINVEST-EN24, 2024.12.31,EQUITY,254
114,Siemens,Siemens AG,GLOBAL PORTFOLIO SOLUTION - OPPORTUNITY,3142.0,592456.0,EUR,0.0006,509670.0,EUR,DANSKEINVEST-EN24, 2024.12.31,EQUITY,254
115,Siemens,Siemens Energy AG,GLOBAL PORTFOLIO SOLUTION - OPPORTUNITY,2566.0,129275.0,EUR,1e-04,60118.0,EUR,DANSKEINVEST-EN24, 2024.12.31,EQUITY,254
116,Siemens,Siemens Healthineers AG,GLOBAL PORTFOLIO SOLUTION - OPPORTUNITY,996.0,50995.0,EUR,1e-04,55600.0,EUR,DANSKEINVEST-EN24, 2024.12.31,EQUITY,254
117,Leonardo,Leonardo SpA,GLOBAL PORTFOLIO SOLUTION - OPPORTUNITY,4036.0,104653.0,EUR,1e-04,86757.0,EUR,DANSKEINVEST-EN24, 2024.12.31,EQUITY,256
118,FANUC Corp,FANUC Corp.,GLOBAL PORTFOLIO SOLUTION - OPPORTUNITY,3900.0,100053.0,EUR,1e-04,112806.0,JPY,DANSKEINVEST-EN24, 2024.12.31,EQUITY,256
119,CNH Industrial,CNH Industrial NV,GLOBAL PORTFOLIO SOLUTION - OPPORTUNITY,3100.0,33919.0,EUR,,32974.0,USD,DANSKEINVEST-EN24, 2024.12.31,EQUITY,259
120,Volvo Car Corp,Volvo AB,GLOBAL PORTFOLIO SOLUTION - OPPORTUNITY,7497.0,176886.0,EUR,0.0002,169944.0,SEK,DANSKEINVEST-EN24, 2024.12.31,EQUITY,261
121,BP Plc,BP plc,GLOBAL PORTFOLIO SOLUTION - OPPORTUNITY,83831.0,398465.0,EUR,0.0004,485048.0,GBP,DANSKEINVEST-EN24, 2024.12.31,EQUITY,262
122,Airbnb,"Airbnb, Inc.",GLOBAL PORTFOLIO SOLUTION - OPPORTUNITY,1800.0,228429.0,EUR,0.0002,233395.0,USD,DANSKEINVEST-EN24, 2024.12.31,EQUITY,264
123,Alphabet,"Alphabet, Inc.",GLOBAL PORTFOLIO SOLUTION - OPPORTUNITY,43431.0,7962773.0,EUR,0.0078,5270910.0,USD,DANSKEINVEST-EN24, 2024.12.31,EQUITY,264
124,Amazon,"Amazon.com, Inc.",GLOBAL PORTFOLIO SOLUTION - OPPORTUNITY,37536.0,7952702.0,EUR,0.0078,5042857.0,USD,DANSKEINVEST-EN24, 2024.12.31,EQUITY,264
125,Apple,"Apple, Inc.",GLOBAL PORTFOLIO SOLUTION - OPPORTUNITY,60100.0,14534275.0,EUR,0.0143,9838527.0,USD,DANSKEINVEST-EN24, 2024.12.31,EQUITY,264
126,Blackrock,"BlackRock, Inc.",GLOBAL PORTFOLIO SOLUTION - OPPORTUNITY,645.0,638528.0,EUR,0.0006,446056.0,USD,DANSKEINVEST-EN24, 2024.12.31,EQUITY,265
127,Booking Holdings,"Booking Holdings, Inc.",GLOBAL PORTFOLIO SOLUTION - OPPORTUNITY,144.0,690925.0,EUR,0.0007,425278.0,USD,DANSKEINVEST-EN24, 2024.12.31,EQUITY,265
128,Caterpillar,"Caterpillar, Inc.",GLOBAL PORTFOLIO SOLUTION - OPPORTUNITY,2000.0,700647.0,EUR,0.0007,529189.0,USD,DANSKEINVEST-EN24, 2024.12.31,EQUITY,265
129,Chevron,Chevron Corp.,GLOBAL PORTFOLIO SOLUTION - OPPORTUNITY,8129.0,1137039.0,EUR,0.0011,1179531.0,USD,DANSKEINVEST-EN24, 2024.12.31,EQUITY,265
130,Cisco Systems,"Cisco Systems, Inc.",GLOBAL PORTFOLIO SOLUTION - OPPORTUNITY,17200.0,983332.0,EUR,0.001,775085.0,USD,DANSKEINVEST-EN24, 2024.12.31,EQUITY,265
131,Expedia,"Expedia Group, Inc.",GLOBAL PORTFOLIO SOLUTION - OPPORTUNITY,500.0,89971.0,EUR,1e-04,55367.0,USD,DANSKEINVEST-EN24, 2024.12.31,EQUITY,267
132,Hewlett Packard Enterprise,Hewlett Packard Enterprise Co.,GLOBAL PORTFOLIO SOLUTION - OPPORTUNITY,5300.0,109276.0,EUR,1e-04,80118.0,USD,DANSKEINVEST-EN24, 2024.12.31,EQUITY,268
133,International Business Machines,International Business Machines Corp.,GLOBAL PORTFOLIO SOLUTION - OPPORTUNITY,3700.0,785486.0,EUR,0.0008,537561.0,USD,DANSKEINVEST-EN24, 2024.12.31,EQUITY,268
134,Microsoft,Microsoft Corp.,GLOBAL PORTFOLIO SOLUTION - OPPORTUNITY,28255.0,11501190.0,EUR,0.0113,9261225.0,USD,DANSKEINVEST-EN24, 2024.12.31,EQUITY,269
135,Motorola Solutions,"Motorola Solutions, Inc.",GLOBAL PORTFOLIO SOLUTION - OPPORTUNITY,700.0,312468.0,EUR,0.0003,201211.0,USD,DANSKEINVEST-EN24, 2024.12.31,EQUITY,270
136,NVIDIA,NVIDIA Corp.,GLOBAL PORTFOLIO SOLUTION - OPPORTUNITY,97302.0,12618721.0,EUR,0.0124,5001188.0,USD,DANSKEINVEST-EN24, 2024.12.31,EQUITY,270
137,Palantir Technologies,"Palantir Technologies, Inc.",GLOBAL PORTFOLIO SOLUTION - OPPORTUNITY,8000.0,584297.0,EUR,0.0006,139066.0,USD,DANSKEINVEST-EN24, 2024.12.31,EQUITY,270
138,Siemens,Siemens AG,GLOBAL SUSTAINABLE FUTURE,23722.0,4473020.0,EUR,0.0076,4188810.0,EUR,DANSKEINVEST-EN24, 2024.12.31,EQUITY,279
139,Alphabet,"Alphabet, Inc.",GLOBAL SUSTAINABLE FUTURE,149114.0,27371082.0,EUR,0.0467,14838472.0,USD,DANSKEINVEST-EN24, 2024.12.31,EQUITY,280
140,Microsoft,Microsoft Corp.,GLOBAL SUSTAINABLE FUTURE,108899.0,44405204.0,EUR,0.0758,25309240.0,USD,DANSKEINVEST-EN24, 2024.12.31,EQUITY,280
141,NVIDIA,NVIDIA Corp.,GLOBAL SUSTAINABLE FUTURE,155265.0,20489884.0,EUR,0.035,12680305.0,USD,DANSKEINVEST-EN24, 2024.12.31,EQUITY,280
142,Siemens,Siemens Ltd.,INDIA,19339.0,1489491.0,USD,0.0214,1051444.0,INR,DANSKEINVEST-EN24, 2024.12.31,EQUITY,285
143,Volvo Car Corp,Volvo Car AB 4.75% 08.05.30,NORDIC CORPORATE BOND,178000.0,184397.0,EUR,0.0046,178000.0,EUR,DANSKEINVEST-EN24, 2024.12.31,BOND,293
144,Volvo Car Corp,Volvo Treasury AB 3.13% 26.08.29,NORDIC CORPORATE BOND,350000.0,350896.0,EUR,0.0087,348838.0,EUR,DANSKEINVEST-EN24, 2024.12.31,BOND,293
145,Volvo Car Corp,Volvo AB,SVERIGE,450000.0,120870000.0,SEK,0.0424,78413200.0,SEK,DANSKEINVEST-EN24, 2024.12.31,EQUITY,298
146,Volvo Car Corp,Volvo AB,SVERIGE BETA,401795.0,107922136.0,SEK,0.0597,81374660.0,SEK,DANSKEINVEST-EN24, 2024.12.31,EQUITY,301
147,Volvo Car Corp,Volvo Car AB,SVERIGE BETA,164771.0,3951209.0,SEK,0.0022,10062557.0,SEK,DANSKEINVEST-EN24, 2024.12.31,EQUITY,301
148,Siemens,SIEMENS AG-NOM,EUROLAND EQUITY,207406190.0,1099948.0,EUR,0.0463,,,AMUNDI-EN24, 2024.12.31,EQUITY,13
149,Siemens,SIEMENS AG-NOM,EUROPEAN EQUITY ESG IMPROVERS,9063891.0,48069.0,EUR,0.0226,,,AMUNDI-EN24, 2024.12.31,EQUITY,14
150,Siemens,SIEMENS AG-NOM,EUROPE EX UK EQUITY,32858654.0,174261.0,EUR,0.0378,,,AMUNDI-EN24, 2024.12.31,EQUITY,16
151,Siemens,SIEMENS AG-NOM,EUROPEAN EQUITY,3514759.0,18640.0,EUR,0.0371,,,AMUNDI-EN24, 2024.12.31,EQUITY,17
152,Siemens,SIEMENS ENERGY AG,EUROPEAN EQUITY,733281.0,14555.0,EUR,0.0078,,,AMUNDI-EN24, 2024.12.31,EQUITY,17
153,Siemens,SIEMENS AG-NOM,EUROPEAN EQUITY VALUE,50557460.0,268124.0,EUR,0.0245,,,AMUNDI-EN24, 2024.12.31,EQUITY,19
154,CNH Industrial,CNH INDUSTRIAL N.V,EUROPEAN EQUITY VALUE,45307652.0,4197096.0,EUR,0.022,,,AMUNDI-EN24, 2024.12.31,EQUITY,19
155,Volvo Car Corp,VOLVO AB-B SHS,EUROPEAN EQUITY VALUE,49726460.0,2118188.0,EUR,0.0241,,,AMUNDI-EN24, 2024.12.31,EQUITY,19
156,Siemens,SIEMENS AG-NOM,EUROPEAN EQUITY INCOME ESG,27966466.0,148316.0,EUR,0.0366,,,AMUNDI-EN24, 2024.12.31,EQUITY,20
157,Carlsberg Group,CARL ZEISS MEDITEC,EUROPEAN EQUITY SMALL CAP,2037248.0,44755.0,EUR,0.007,,,AMUNDI-EN24, 2024.12.31,EQUITY,21
158,Siemens,SIEMENS AG-NOM,GLOBAL ECOLOGY ESG,34120308.0,180952.0,EUR,0.0145,,,AMUNDI-EN24, 2024.12.31,EQUITY,22
159,Siemens,SIEMENS ENERGY AG,GLOBAL ECOLOGY ESG,67869310.0,1347148.0,EUR,0.0289,,,AMUNDI-EN24, 2024.12.31,EQUITY,22
160,Microsoft,MICROSOFT CORP,GLOBAL ECOLOGY ESG,64189300.0,157694.0,EUR,0.0275,,,AMUNDI-EN24, 2024.12.31,EQUITY,22
161,Alphabet,ALPHABET INC,GLOBAL EQUITY,110688490.0,605483.0,EUR,0.0459,,,AMUNDI-EN24, 2024.12.31,EQUITY,23
162,Amazon,AMAZON.COM INC,GLOBAL EQUITY,81119850.0,382878.0,EUR,0.0336,,,AMUNDI-EN24, 2024.12.31,EQUITY,23
163,Cisco Systems,CISCO SYSTEMS INC,GLOBAL EQUITY,88668620.0,1550952.0,EUR,0.0368,,,AMUNDI-EN24, 2024.12.31,EQUITY,23
164,Alphabet,ALPHABET INC,GLOBAL EQUITY ESG IMPROVERS,11909431.0,62913.0,USD,0.0368,,,AMUNDI-EN24, 2024.12.31,EQUITY,24
165,Apple,APPLE INC,GLOBAL EQUITY ESG IMPROVERS,15933223.0,63626.0,USD,0.0492,,,AMUNDI-EN24, 2024.12.31,EQUITY,24
166,Microsoft,MICROSOFT CORP,GLOBAL EQUITY ESG IMPROVERS,21544128.0,51113.0,USD,0.0664,,,AMUNDI-EN24, 2024.12.31,EQUITY,24
167,NVIDIA,NVIDIA CORP,GLOBAL EQUITY ESG IMPROVERS,16103250.0,119914.0,USD,0.0497,,,AMUNDI-EN24, 2024.12.31,EQUITY,24
168,Siemens,SIEMENS AG-NOM,GLOBAL EQUITY INCOME ESG,54636916.0,279825.0,USD,0.02,,,AMUNDI-EN24, 2024.12.31,EQUITY,25
169,Cisco Systems,CISCO SYSTEMS INC,GLOBAL EQUITY INCOME ESG,64891190.0,1096135.0,USD,0.0237,,,AMUNDI-EN24, 2024.12.31,EQUITY,25
170,Microsoft,MICROSOFT CORP,GLOBAL EQUITY INCOME ESG,169903280.0,403092.0,USD,0.0622,,,AMUNDI-EN24, 2024.12.31,EQUITY,25
171,FANUC Corp,FANUC LTD,JAPAN EQUITY VALUE,158650000.0,38000.0,JPY,0.0125,,,AMUNDI-EN24, 2024.12.31,EQUITY,27
172,Volvo Car Corp,VOLVO AB-B SHS,NET ZERO AMBITION GLOBAL EQUITY,283350.0,11656.0,USD,0.0132,,,AMUNDI-EN24, 2024.12.31,EQUITY,31
173,Cisco Systems,CISCO SYSTEMS INC,NET ZERO AMBITION GLOBAL EQUITY,511310.0,8637.0,USD,0.0238,,,AMUNDI-EN24, 2024.12.31,EQUITY,31
174,Microsoft,MICROSOFT CORP,NET ZERO AMBITION GLOBAL EQUITY,1443216.0,3424.0,USD,0.0671,,,AMUNDI-EN24, 2024.12.31,EQUITY,31
175,NVIDIA,NVIDIA CORP,NET ZERO AMBITION GLOBAL EQUITY,1101984.0,8206.0,USD,0.0513,,,AMUNDI-EN24, 2024.12.31,EQUITY,31
176,Siemens,SIEMENS AG-NOM,NET ZERO AMBITION TOP EUROPEAN PLAYERS,17281900.0,91652.0,EUR,0.0281,,,AMUNDI-EN24, 2024.12.31,EQUITY,32
177,Siemens,SIEMENS HEALTHINEERS AG,POLEN CAPITAL GLOBAL GROWTH,15178091.0,286284.0,USD,0.0252,,,AMUNDI-EN24, 2024.12.31,EQUITY,33
178,Airbnb,AIRBNB INC,POLEN CAPITAL GLOBAL GROWTH,5986777.0,45558.0,USD,0.0099,,,AMUNDI-EN24, 2024.12.31,EQUITY,33
179,Alphabet,ALPHABET INC SHS C,POLEN CAPITAL GLOBAL GROWTH,36549624.0,191922.0,USD,0.0606,,,AMUNDI-EN24, 2024.12.31,EQUITY,33
180,Amazon,AMAZON.COM INC,POLEN CAPITAL GLOBAL GROWTH,56879930.0,259264.0,USD,0.0943,,,AMUNDI-EN24, 2024.12.31,EQUITY,33
181,Microsoft,MICROSOFT CORP,POLEN CAPITAL GLOBAL GROWTH,35715804.0,84735.0,USD,0.0593,,,AMUNDI-EN24, 2024.12.31,EQUITY,33
182,Chevron,CHEVRON CORP,US EQUITY DIVIDEND GROWTH,7989440.0,55130.0,USD,0.0242,,,AMUNDI-EN24, 2024.12.31,EQUITY,34
183,Cisco Systems,CISCO SYSTEMS INC,US EQUITY DIVIDEND GROWTH,9075538.0,153303.0,USD,0.0275,,,AMUNDI-EN24, 2024.12.31,EQUITY,35
184,Booking Holdings,BOOKING HOLDINGS INC,US EQUITY ESG IMPROVERS,3249346.0,654.0,USD,0.0169,,,AMUNDI-EN24, 2024.12.31,EQUITY,36
185,NVIDIA,NVIDIA CORP,US EQUITY ESG IMPROVERS,1226202.0,9131.0,USD,0.0063,,,AMUNDI-EN24, 2024.12.31,EQUITY,36
186,Cisco Systems,CISCO SYSTEMS INC,US EQUITY ESG IMPROVERS,10372018.0,175203.0,USD,0.0537,,,AMUNDI-EN24, 2024.12.31,EQUITY,36
187,Booking Holdings,BOOKING HOLDINGS INC,US EQUITY FUNDAMENTAL GROWTH,94800620.0,19758.0,EUR,0.0267,,,AMUNDI-EN24, 2024.12.31,EQUITY,37
188,Amazon,AMAZON.COM INC,US EQUITY FUNDAMENTAL GROWTH,277528450.0,1309908.0,EUR,0.0782,,,AMUNDI-EN24, 2024.12.31,EQUITY,37
189,Alphabet,ALPHABET INC SHS C,US EQUITY FUNDAMENTAL GROWTH,138649330.0,753893.0,EUR,0.0391,,,AMUNDI-EN24, 2024.12.31,EQUITY,37
190,Microsoft,MICROSOFT CORP,US EQUITY FUNDAMENTAL GROWTH,252383040.0,620030.0,EUR,0.0711,,,AMUNDI-EN24, 2024.12.31,EQUITY,37
191,Apple,APPLE INC,US EQUITY FUNDAMENTAL GROWTH,200689570.0,829862.0,EUR,0.0566,,,AMUNDI-EN24, 2024.12.31,EQUITY,37
192,NVIDIA,NVIDIA CORP,US EQUITY FUNDAMENTAL GROWTH,84369784.0,650569.0,EUR,0.0238,,,AMUNDI-EN24, 2024.12.31,EQUITY,37
193,Motorola Solutions,MOTOROLA SOLUTIONS INC,US EQUITY FUNDAMENTAL GROWTH,92904440.0,208046.0,EUR,0.0262,,,AMUNDI-EN24, 2024.12.31,EQUITY,37
194,Amazon,AMAZON.COM INC,US EQUITY RESEARCH,21480092.0,101384.0,EUR,0.0678,,,AMUNDI-EN24, 2024.12.31,EQUITY,38
195,Alphabet,ALPHABET INC,US EQUITY RESEARCH,23387096.0,127931.0,EUR,0.0739,,,AMUNDI-EN24, 2024.12.31,EQUITY,38
196,Microsoft,MICROSOFT CORP,US EQUITY RESEARCH,18263508.0,44868.0,EUR,0.0576,,,AMUNDI-EN24, 2024.12.31,EQUITY,38
197,Cisco Systems,CISCO SYSTEMS INC,US EQUITY RESEARCH,13633780.0,238476.0,EUR,0.043,,,AMUNDI-EN24, 2024.12.31,EQUITY,38
198,Cisco Systems,CISCO SYSTEMS INC,US EQUITY RESEARCH VALUE,32948588.0,576322.0,EUR,0.0569,,,AMUNDI-EN24, 2024.12.31,EQUITY,39
199,Amazon,AMAZON.COM INC,US PIONEER FUND,195885500.0,924561.0,EUR,0.0421,,,AMUNDI-EN24, 2024.12.31,EQUITY,40
200,Alphabet,ALPHABET INC,US PIONEER FUND,204059730.0,1116238.0,EUR,0.044,,,AMUNDI-EN24, 2024.12.31,EQUITY,40
201,Microsoft,MICROSOFT CORP,US PIONEER FUND,277571300.0,681910.0,EUR,0.0598,,,AMUNDI-EN24, 2024.12.31,EQUITY,40
202,Apple,APPLE INC,US PIONEER FUND,327612960.0,1354697.0,EUR,0.0705,,,AMUNDI-EN24, 2024.12.31,EQUITY,40
203,NVIDIA,NVIDIA CORP,US PIONEER FUND,341559200.0,2633737.0,EUR,0.0734,,,AMUNDI-EN24, 2024.12.31,EQUITY,40
204,HD Hyundai,HYUNDAI MOBIS,ASIA EQUITY FOCUS,990564.0,6166.0,USD,0.0065,,,AMUNDI-EN24, 2024.12.31,EQUITY,42
205,HD Hyundai,HYUNDAI MOTOR,ASIA EQUITY FOCUS,652208.0,4529.0,USD,0.0043,,,AMUNDI-EN24, 2024.12.31,EQUITY,42
206,HD Hyundai,HYUNDAI MOTOR CO.LTD,ASIA EQUITY FOCUS,570211.0,5381.0,USD,0.0037,,,AMUNDI-EN24, 2024.12.31,EQUITY,42
207,Petróleo Brasileiro,PETROLEO BRASILEIRO PREF.SHS,EMERGING MARKETS EQUITY ESG IMPROVERS,2576345.0,439800.0,USD,0.0115,,,AMUNDI-EN24, 2024.12.31,EQUITY,50
208,Orbia Corp.,ORBIA ADVANCE CORPORATION SAB DE CV,EMERGING MARKETS EQUITY ESG IMPROVERS,536876.0,745700.0,USD,0.0024,,,AMUNDI-EN24, 2024.12.31,EQUITY,50
209,HD Hyundai,HYUNDAI MOTOR,EMERGING MARKETS EQUITY ESG IMPROVERS,1737301.0,12064.0,USD,0.0078,,,AMUNDI-EN24, 2024.12.31,EQUITY,51
210,Petróleo Brasileiro,PETROLEO BRASILEIRO PREF.SHS,EMERGING MARKETS EQUITY FOCUS,18645402.0,3182900.0,USD,0.0066,,,AMUNDI-EN24, 2024.12.31,EQUITY,52
211,Carlsberg Group,CARLSBERG B,EMERGING MARKETS EQUITY FOCUS,14761391.0,154066.0,USD,0.0052,,,AMUNDI-EN24, 2024.12.31,EQUITY,52
212,HD Hyundai,HYUNDAI MOBIS,EMERGING MARKETS EQUITY FOCUS,12265581.0,76350.0,USD,0.0043,,,AMUNDI-EN24, 2024.12.31,EQUITY,53
213,Petróleo Brasileiro,PETROLEO BRASILEIRO,EMERGING MARKETS EQUITY FOCUS EX CHINA,479193.0,75118.0,USD,0.009,,,AMUNDI-EN24, 2024.12.31,EQUITY,55
214,HD Hyundai,HYUNDAI MOBIS,EMERGING MARKETS EQUITY FOCUS EX CHINA,280333.0,1745.0,USD,0.0053,,,AMUNDI-EN24, 2024.12.31,EQUITY,55
215,HD Hyundai,HYUNDAI MOTOR CO.LTD,EMERGING MARKETS EQUITY FOCUS EX CHINA,172939.0,1632.0,USD,0.0033,,,AMUNDI-EN24, 2024.12.31,EQUITY,55
216,HD Hyundai,HYUNDAI ROTEM CO,EMERGING MARKETS EQUITY FOCUS EX CHINA,116709.0,3457.0,USD,0.0022,,,AMUNDI-EN24, 2024.12.31,EQUITY,55
217,Petróleo Brasileiro,PETROLEO BRASILEIRO,EMERGING WORLD EQUITY,317047.0,49700.0,USD,0.0003,,,AMUNDI-EN24, 2024.12.31,EQUITY,57
218,Petróleo Brasileiro,PETROLEO BRASILEIRO PREF.SHS,EMERGING WORLD EQUITY,3958831.0,675800.0,USD,0.0038,,,AMUNDI-EN24, 2024.12.31,EQUITY,57
219,Petróleo Brasileiro,PETROLEO BRASILEIRO-SP ADR,EMERGING WORLD EQUITY,1686017.0,142641.0,USD,0.0016,,,AMUNDI-EN24, 2024.12.31,EQUITY,57
220,HD Hyundai,HYUNDAI MOBIS,EMERGING WORLD EQUITY,4652406.0,28960.0,USD,0.0045,,,AMUNDI-EN24, 2024.12.31,EQUITY,59
221,HD Hyundai,HYUNDAI MOTOR CO.LTD,EMERGING WORLD EQUITY,557389.0,5260.0,USD,0.0005,,,AMUNDI-EN24, 2024.12.31,EQUITY,59
222,Petróleo Brasileiro,PETROLEO BRASILEIRO PREF.SHS,LATIN AMERICA EQUITY,1369013.0,233700.0,USD,0.0209,,,AMUNDI-EN24, 2024.12.31,EQUITY,62
223,Petróleo Brasileiro,PETROLEO BRASILEIRO-SP ADR,LATIN AMERICA EQUITY,4754785.0,402266.0,USD,0.0724,,,AMUNDI-EN24, 2024.12.31,EQUITY,62
224,HD Hyundai,HYUNDAI MOTOR CO.LTD,NET ZERO AMBITION EMERGING MARKETS EQUITY,144752.0,1366.0,USD,0.0095,,,AMUNDI-EN24, 2024.12.31,EQUITY,65
225,Petróleo Brasileiro,PETROLEO BRASILEIRO PREF.SHS,NEW SILK ROAD,2098334.0,358200.0,USD,0.0049,,,AMUNDI-EN24, 2024.12.31,EQUITY,66
226,HD Hyundai,HYUNDAI MOBIS,NEW SILK ROAD,1081813.0,6734.0,USD,0.0025,,,AMUNDI-EN24, 2024.12.31,EQUITY,67
227,Carlsberg Group,CARL ZEISS MEDITEC,EUROLAND EQUITY DYNAMIC MULTI FACTORS,611925.0,13443.0,EUR,0.001,,,AMUNDI-EN24, 2024.12.31,EQUITY,71
228,Heidelberg Materials,HEIDELBERG MATERIALS AG,EUROLAND EQUITY DYNAMIC MULTI FACTORS,6154091.0,51585.0,EUR,0.0103,,,AMUNDI-EN24, 2024.12.31,EQUITY,71
229,Siemens,SIEMENS AG-NOM,EUROLAND EQUITY DYNAMIC MULTI FACTORS,19513696.0,103488.0,EUR,0.0325,,,AMUNDI-EN24, 2024.12.31,EQUITY,71
230,Siemens,SIEMENS ENERGY AG,EUROLAND EQUITY DYNAMIC MULTI FACTORS,2277680.0,45210.0,EUR,0.0038,,,AMUNDI-EN24, 2024.12.31,EQUITY,71
231,Carrefour,CARREFOUR SA,EUROLAND EQUITY RISK PARITY,1097329.0,79922.0,EUR,0.0076,,,AMUNDI-EN24, 2024.12.31,EQUITY,73
232,Carlsberg Group,CARL ZEISS MEDITEC,EUROLAND EQUITY RISK PARITY,518655.0,11394.0,EUR,0.0036,,,AMUNDI-EN24, 2024.12.31,EQUITY,74
233,Heidelberg Materials,HEIDELBERG MATERIALS AG,EUROLAND EQUITY RISK PARITY,541503.0,4539.0,EUR,0.0037,,,AMUNDI-EN24, 2024.12.31,EQUITY,74
234,Siemens,SIEMENS AG-NOM,EUROLAND EQUITY RISK PARITY,373726.0,1982.0,EUR,0.0026,,,AMUNDI-EN24, 2024.12.31,EQUITY,74
235,Siemens,SIEMENS ENERGY AG,EUROLAND EQUITY RISK PARITY,231446.0,4594.0,EUR,0.0016,,,AMUNDI-EN24, 2024.12.31,EQUITY,74
236,Siemens,SIEMENS HEALTHINEERS AG,EUROLAND EQUITY RISK PARITY,960102.0,18752.0,EUR,0.0066,,,AMUNDI-EN24, 2024.12.31,EQUITY,74
237,Leonardo,LEONARDO AZIONE POST RAGGRUPPAMENTO,EUROLAND EQUITY RISK PARITY,293398.0,11315.0,EUR,0.002,,,AMUNDI-EN24, 2024.12.31,EQUITY,74
238,Carlsberg Group,CARLSBERG B,EUROPEAN EQUITY CONSERVATIVE,7235458.0,78198.0,EUR,0.0102,,,AMUNDI-EN24, 2024.12.31,EQUITY,76
239,Carrefour,CARREFOUR SA,EUROPEAN EQUITY CONSERVATIVE,2137267.0,155664.0,EUR,0.003,,,AMUNDI-EN24, 2024.12.31,EQUITY,76
240,Siemens,SIEMENS AG-NOM,EUROPEAN EQUITY CONSERVATIVE,10119261.0,53666.0,EUR,0.0143,,,AMUNDI-EN24, 2024.12.31,EQUITY,76
241,Siemens,SIEMENS HEALTHINEERS AG,EUROPEAN EQUITY CONSERVATIVE,1448243.0,28286.0,EUR,0.002,,,AMUNDI-EN24, 2024.12.31,EQUITY,76
242,Carrefour,CARREFOUR SA,EUROPEAN EQUITY DYNAMIC MULTI FACTORS,594207.0,43278.0,EUR,0.0052,,,AMUNDI-EN24, 2024.12.31,EQUITY,78
243,Heidelberg Materials,HEIDELBERG MATERIALS AG,EUROPEAN EQUITY DYNAMIC MULTI FACTORS,1458681.0,12227.0,EUR,0.0128,,,AMUNDI-EN24, 2024.12.31,EQUITY,78
244,Siemens,SIEMENS AG-NOM,EUROPEAN EQUITY DYNAMIC MULTI FACTORS,1230354.0,6525.0,EUR,0.0108,,,AMUNDI-EN24, 2024.12.31,EQUITY,78
245,Siemens,SIEMENS ENERGY AG,EUROPEAN EQUITY DYNAMIC MULTI FACTORS,239456.0,4753.0,EUR,0.0021,,,AMUNDI-EN24, 2024.12.31,EQUITY,78
246,BP Plc,BP PLC,EUROPEAN EQUITY DYNAMIC MULTI FACTORS,984401.0,207100.0,EUR,0.0086,,,AMUNDI-EN24, 2024.12.31,EQUITY,79
247,Siemens,SIEMENS AG-NOM,GLOBAL EQUITY CONSERVATIVE,1911145.0,9788.0,USD,0.0068,,,AMUNDI-EN24, 2024.12.31,EQUITY,80
248,Chevron,CHEVRON CORP,GLOBAL EQUITY CONSERVATIVE,997774.0,6885.0,USD,0.0035,,,AMUNDI-EN24, 2024.12.31,EQUITY,81
249,Cisco Systems,CISCO SYSTEMS INC,GLOBAL EQUITY CONSERVATIVE,2008893.0,33934.0,USD,0.0071,,,AMUNDI-EN24, 2024.12.31,EQUITY,81
250,Motorola Solutions,MOTOROLA SOLUTIONS INC,GLOBAL EQUITY CONSERVATIVE,2105353.0,4553.0,USD,0.0075,,,AMUNDI-EN24, 2024.12.31,EQUITY,81
251,Carrefour,CARREFOUR SA,GLOBAL EQUITY DYNAMIC MULTI FACTORS,106830.0,7514.0,USD,0.0009,,,AMUNDI-EN24, 2024.12.31,EQUITY,82
252,Heidelberg Materials,HEIDELBERG MATERIALS AG,GLOBAL EQUITY DYNAMIC MULTI FACTORS,129712.0,1050.0,USD,0.0011,,,AMUNDI-EN24, 2024.12.31,EQUITY,83
253,Siemens,SIEMENS AG-NOM,GLOBAL EQUITY DYNAMIC MULTI FACTORS,198378.0,1016.0,USD,0.0016,,,AMUNDI-EN24, 2024.12.31,EQUITY,83
254,BP Plc,BP PLC,GLOBAL EQUITY DYNAMIC MULTI FACTORS,176823.0,35925.0,USD,0.0014,,,AMUNDI-EN24, 2024.12.31,EQUITY,84
255,Alphabet,ALPHABET INC,GLOBAL EQUITY DYNAMIC MULTI FACTORS,2116563.0,11181.0,USD,0.0172,,,AMUNDI-EN24, 2024.12.31,EQUITY,85
256,Alphabet,ALPHABET INC SHS C,GLOBAL EQUITY DYNAMIC MULTI FACTORS,1292326.0,6786.0,USD,0.0105,,,AMUNDI-EN24, 2024.12.31,EQUITY,85
257,Amazon,AMAZON.COM INC,GLOBAL EQUITY DYNAMIC MULTI FACTORS,4712936.0,21482.0,USD,0.0384,,,AMUNDI-EN24, 2024.12.31,EQUITY,85
258,Apple,APPLE INC,GLOBAL EQUITY DYNAMIC MULTI FACTORS,5211491.0,20811.0,USD,0.0424,,,AMUNDI-EN24, 2024.12.31,EQUITY,85
259,Blackrock,BLACKROCK INC,GLOBAL EQUITY DYNAMIC MULTI FACTORS,1169651.0,1141.0,USD,0.0095,,,AMUNDI-EN24, 2024.12.31,EQUITY,85
260,Chevron,CHEVRON CORP,GLOBAL EQUITY DYNAMIC MULTI FACTORS,329511.0,2275.0,USD,0.0027,,,AMUNDI-EN24, 2024.12.31,EQUITY,85
261,Hewlett Packard Enterprise,HEWLETT PACKARD ENTERPRISE,GLOBAL EQUITY DYNAMIC MULTI FACTORS,947406.0,44375.0,USD,0.0077,,,AMUNDI-EN24, 2024.12.31,EQUITY,85
262,Microsoft,MICROSOFT CORP,GLOBAL EQUITY DYNAMIC MULTI FACTORS,5531766.0,13124.0,USD,0.045,,,AMUNDI-EN24, 2024.12.31,EQUITY,85
263,Motorola Solutions,MOTOROLA SOLUTIONS INC,GLOBAL EQUITY DYNAMIC MULTI FACTORS,91522.0,198.0,USD,0.0007,,,AMUNDI-EN24, 2024.12.31,EQUITY,85
264,NVIDIA,NVIDIA CORP,GLOBAL EQUITY DYNAMIC MULTI FACTORS,5502800.0,40977.0,USD,0.0448,,,AMUNDI-EN24, 2024.12.31,EQUITY,85
265,The Caisse de dépôt et placement du Québec,CRH CAISSE DE REFINANCEMENT DE LHABITAT 2.75% 06/09/2030,EURO AGGREGATE BOND,1195056.0,1200000.0,EUR,0.0012,,,AMUNDI-EN24, 2024.12.31,BOND,91
266,The Caisse de dépôt et placement du Québec,CRH CAISSE DE REFINANCEMENT DE LHABITAT 3.125% 23/02/2033,EURO AGGREGATE BOND,2926535.0,2900000.0,EUR,0.0029,,,AMUNDI-EN24, 2024.12.31,BOND,91
267,CNH Industrial,CNH INDUSTRIAL FINANCE EUROPE SA 3.75% 11/06/2031,EURO AGGREGATE BOND,1120086.0,1100000.0,EUR,0.0011,,,AMUNDI-EN24, 2024.12.31,BOND,93
268,Siemens,SIEMENS FINANCIERINGSMAATSCHAPPIJ NV 3.625% 22/02/2044,EURO AGGREGATE BOND,797624.0,800000.0,EUR,0.0008,,,AMUNDI-EN24, 2024.12.31,BOND,94
269,CNH Industrial,CNH INDUSTRIAL FINANCE EUROPE SA 3.75% 11/06/2031,EURO CORPORATE ESG BOND,2698389.0,2650000.0,EUR,0.0031,,,AMUNDI-EN24, 2024.12.31,BOND,99
270,Siemens,SIEMENS FINANCIERINGSMAATSCHAPPIJ NV 3.625% 22/02/2044,EURO CORPORATE ESG BOND,2991090.0,3000000.0,EUR,0.0034,,,AMUNDI-EN24, 2024.12.31,BOND,99
271,Booking Holdings,BOOKING HOLDING INC 3.75% 01/03/2036,EURO CORPORATE ESG BOND,4078360.0,4000000.0,EUR,0.0047,,,AMUNDI-EN24, 2024.12.31,BOND,100
272,Volvo Car Corp,VOLVO CAR AB 4.75% 08/05/2030,IMPACT EURO CORPORATE SHORT TERM GREEN BOND,827864.0,800000.0,EUR,0.0023,,,AMUNDI-EN24, 2024.12.31,BOND,106
273,Altice International,ALTICE FRANCE SA 11.50% 01/02/2027,STRATEGIC BOND,4347512.0,5200000.0,EUR,0.0085,,,AMUNDI-EN24, 2024.12.31,BOND,107
274,Altice International,ALTICE FINANCING SA 3.00% REGS 15/01/2028,STRATEGIC BOND,2647410.0,3400000.0,EUR,0.0052,,,AMUNDI-EN24, 2024.12.31,BOND,108
275,Altice International,ALTICE FINANCING SA 4.25% REGS 15/08/2029,STRATEGIC BOND,1142265.0,1500000.0,EUR,0.0022,,,AMUNDI-EN24, 2024.12.31,BOND,108
276,Altice International,ALTICE FRANCE SA 5.125% 144A 15/07/2029,GLOBAL HIGH YIELD ESG IMPROVERS BOND,413385.0,550000.0,USD,0.0061,,,AMUNDI-EN24, 2024.12.31,BOND,120
277,Volvo Car Corp,VOLVO CAR AB 4.25% 31/05/2028,GLOBAL HIGH YIELD ESG IMPROVERS BOND,217109.0,205000.0,USD,0.0032,,,AMUNDI-EN24, 2024.12.31,BOND,121
278,Delek Group,DELEK LOGISTICS PARTNERS LP 7.125% 144A 01/06/2028,GLOBAL HIGH YIELD ESG IMPROVERS BOND,109711.0,110000.0,USD,0.0016,,,AMUNDI-EN24, 2024.12.31,BOND,121
279,Altice International,ALTICE FRANCE SA 2.125% 144A 15/02/2025,PIONEER GLOBAL HIGH YIELD BOND,636944.0,675000.0,EUR,0.0029,,,AMUNDI-EN24, 2024.12.31,BOND,126
280,Altice International,ALTICE FRANCE SA 5.125% 144A 15/07/2029,PIONEER GLOBAL HIGH YIELD BOND,765764.0,1055000.0,EUR,0.0034,,,AMUNDI-EN24, 2024.12.31,BOND,126
281,Altice International,ALTICE FRANCE HOLDING SA 6.00% 144A 15/02/2028,PIONEER GLOBAL HIGH YIELD BOND,687109.0,2670000.0,EUR,0.0031,,,AMUNDI-EN24, 2024.12.31,BOND,127
282,Delek Group,DELEK LOGISTICS PARTNERS LP 8.625% 144A 15/03/2029,PIONEER GLOBAL HIGH YIELD BOND,699648.0,700000.0,EUR,0.0031,,,AMUNDI-EN24, 2024.12.31,BOND,128
283,Delek Group,DELEK LOGISTICS PARTNERS LP 8.625% 144A 15/03/2029,US HIGH YIELD BOND,1054470.0,1055000.0,EUR,0.0036,,,AMUNDI-EN24, 2024.12.31,BOND,131
284,Altice International,ALTICE FRANCE HOLDING SA 6.00% 144A 15/02/2028,US HIGH YIELD BOND,594208.0,2309000.0,EUR,0.002,,,AMUNDI-EN24, 2024.12.31,BOND,132
285,Altice International,ALTICE FRANCE SA 5.125% 144A 15/01/2029,US HIGH YIELD BOND,373800.0,510000.0,EUR,0.0013,,,AMUNDI-EN24, 2024.12.31,BOND,132
286,HD Hyundai,HYUNDAI CAPITAL AMERICA INC 4.55% 144A 26/09/2029,GLOBAL AGGREGATE BOND,16508336.0,16997000.0,USD,0.0039,,,AMUNDI-EN24, 2024.12.31,BOND,136
287,Microsoft,MICROSOFT CORP 2.675% 01/06/2060,GLOBAL AGGREGATE BOND,5865100.0,10000000.0,USD,0.0014,,,AMUNDI-EN24, 2024.12.31,BOND,136
288,CNH Industrial,CNH INDUSTRIAL CAPITAL LLC 5.10% 20/04/2029,GLOBAL CORPORATE BOND,3349875.0,3348000.0,USD,0.0041,,,AMUNDI-EN24, 2024.12.31,BOND,142
289,HD Hyundai,HYUNDAI CAPITAL AMERICA INC 6.50% 144A 16/01/2029,GLOBAL CORPORATE BOND,3915343.0,3749000.0,USD,0.0048,,,AMUNDI-EN24, 2024.12.31,BOND,142
290,CNH Industrial,CNH INDUSTRIAL CAPITAL LLC 5.50% 12/01/2029,GLOBAL CORPORATE ESG IMPROVERS BOND,800732.0,789000.0,USD,0.0085,,,AMUNDI-EN24, 2024.12.31,BOND,145
291,Microsoft,MICROSOFT CORP 2.921% 17/03/2052,GLOBAL CORPORATE ESG IMPROVERS BOND,397662.0,600000.0,USD,0.0042,,,AMUNDI-EN24, 2024.12.31,BOND,146
292,Altice International,ALTICE FRANCE SA 5.125% 144A 15/07/2029,GLOBAL HIGH YIELD BOND,574982.0,765000.0,USD,0.0035,,,AMUNDI-EN24, 2024.12.31,BOND,147
293,Altice International,ALTICE FRANCE HOLDING SA 6.00% 144A 15/02/2028,GLOBAL HIGH YIELD BOND,379734.0,1425000.0,USD,0.0023,,,AMUNDI-EN24, 2024.12.31,BOND,148
294,Delek Group,DELEK LOGISTICS PARTNERS LP 7.125% 144A 01/06/2028,GLOBAL HIGH YIELD BOND,508659.0,510000.0,USD,0.0031,,,AMUNDI-EN24, 2024.12.31,BOND,149
295,Delek Group,DELEK LOGISTICS PARTNERS LP 8.625% 144A 15/03/2029,GLOBAL HIGH YIELD BOND,465741.0,450000.0,USD,0.0028,,,AMUNDI-EN24, 2024.12.31,BOND,149
296,HD Hyundai,HYUNDAI CAPITAL AMERICA INC 5.30% REGS 08/01/2029,GLOBAL SHORT TERM BOND,1504125.0,1500000.0,USD,0.0127,,,AMUNDI-EN24, 2024.12.31,BOND,153
297,CNH Industrial,CNH INDUSTRIAL FINANCE EUROPE SA 1.625% 03/07/2029,NET ZERO AMBITION GLOBAL CORPORATE BOND,2603610.0,2680000.0,USD,0.0091,,,AMUNDI-EN24, 2024.12.31,BOND,159
298,Siemens,SIEMENS FINANCIERINGSMAATSCHAPPIJ NV 3.125% 22/05/2032,NET ZERO AMBITION GLOBAL CORPORATE BOND,1781193.0,1700000.0,USD,0.0062,,,AMUNDI-EN24, 2024.12.31,BOND,160
299,Altice International,ALTICE FINANCING SA 3.00% REGS 15/01/2028,OPTIMAL YIELD,1129043.0,1450000.0,EUR,0.006,,,AMUNDI-EN24, 2024.12.31,BOND,163
300,eDreams ODIGEO,EDREAMS ODIGEO 5.50% REGS 15/07/2027,OPTIMAL YIELD,608118.0,600000.0,EUR,0.0032,,,AMUNDI-EN24, 2024.12.31,BOND,164
301,Altice International,ALTICE FINANCING SA 3.00% REGS 15/01/2028,OPTIMAL YIELD SHORT TERM,155730.0,200000.0,EUR,0.0013,,,AMUNDI-EN24, 2024.12.31,BOND,167
302,eDreams ODIGEO,EDREAMS ODIGEO 5.50% REGS 15/07/2027,OPTIMAL YIELD SHORT TERM,405412.0,400000.0,EUR,0.0033,,,AMUNDI-EN24, 2024.12.31,BOND,168
303,Caterpillar,2001 CAT RE LTD VAR 08/01/2027,STRATEGIC INCOME,499034.0,500000.0,EUR,0.0002,,,AMUNDI-EN24, 2024.12.31,BOND,172
304,CNH Industrial,CNH INDUSTRIAL CAPITAL LLC 5.50% 12/01/2029,STRATEGIC INCOME,7894522.0,8055000.0,EUR,0.0036,,,AMUNDI-EN24, 2024.12.31,BOND,173
305,Altice International,ALTICE FRANCE SA 5.125% 144A 15/01/2029,STRATEGIC INCOME,333488.0,455000.0,EUR,1e-04,,,AMUNDI-EN24, 2024.12.31,BOND,175
306,Altice International,ALTICE FRANCE SA 5.125% 144A 15/07/2029,STRATEGIC INCOME,1952517.0,2690000.0,EUR,0.0009,,,AMUNDI-EN24, 2024.12.31,BOND,175
307,Altice International,ALTICE FRANCE SA 5.50% 144A 15/01/2028,STRATEGIC INCOME,5483445.0,7606000.0,EUR,0.0025,,,AMUNDI-EN24, 2024.12.31,BOND,175
308,CNH Industrial,CNH INDUSTRIAL CAPITAL LLC 4.55% 10/04/2028,NET ZERO AMBITION US CORPORATE BOND,347248.0,352000.0,USD,0.0104,,,AMUNDI-EN24, 2024.12.31,BOND,185
309,HD Hyundai,HYUNDAI CAPITAL AMERICA INC 2.00% 144A 15/06/2028,NET ZERO AMBITION US CORPORATE BOND,289032.0,321000.0,USD,0.0087,,,AMUNDI-EN24, 2024.12.31,BOND,185
310,HD Hyundai,HYUNDAI CAPITAL AMERICA INC 5.80% 144A 26/06/2025,NET ZERO AMBITION US CORPORATE BOND,40164.0,40000.0,USD,0.0012,,,AMUNDI-EN24, 2024.12.31,BOND,185
311,Caterpillar,2001 CAT RE LTD VAR 08/01/2027,US BOND,499034.0,500000.0,EUR,0.0002,,,AMUNDI-EN24, 2024.12.31,BOND,189
312,CNH Industrial,CNH INDUSTRIAL CAPITAL LLC 1.875% 15/01/2026,US BOND,6060430.0,6470000.0,EUR,0.003,,,AMUNDI-EN24, 2024.12.31,BOND,189
313,HD Hyundai,HYUNDAI CAPITAL AMERICA INC 5.80% 144A 01/04/2030,US BOND,3262979.0,3310000.0,EUR,0.0016,,,AMUNDI-EN24, 2024.12.31,BOND,190
314,HD Hyundai,HYUNDAI CAPITAL AMERICA INC 6.20% 144A 21/09/2030,US BOND,1648996.0,1640000.0,EUR,0.0008,,,AMUNDI-EN24, 2024.12.31,BOND,190
315,CNH Industrial,CNH INDUSTRIAL CAPITAL LLC 4.55% 10/04/2028,US CORPORATE BOND,1075285.0,1090000.0,USD,0.0032,,,AMUNDI-EN24, 2024.12.31,BOND,203
316,CNH Industrial,CNH INDUSTRIAL CAPITAL LLC 5.50% 12/01/2029,US CORPORATE BOND,2364647.0,2330000.0,USD,0.0071,,,AMUNDI-EN24, 2024.12.31,BOND,203
317,HD Hyundai,HYUNDAI CAPITAL AMERICA INC 6.20% 144A 21/09/2030,US CORPORATE BOND,2280184.0,2190000.0,USD,0.0069,,,AMUNDI-EN24, 2024.12.31,BOND,203
318,HD Hyundai,HYUNDAI CAPITAL AMERICA INC 6.50% 144A 16/01/2029,US CORPORATE BOND,872049.0,835000.0,USD,0.0026,,,AMUNDI-EN24, 2024.12.31,BOND,203
319,CNH Industrial,CNH INDUSTRIAL CAPITAL LLC 1.875% 15/01/2026,US SHORT TERM BOND,1164315.0,1243000.0,EUR,0.0016,,,AMUNDI-EN24, 2024.12.31,BOND,207
320,CNH Industrial,CNH INDUSTRIAL CAPITAL LLC 3.95% 23/05/2025,US SHORT TERM BOND,1640719.0,1705000.0,EUR,0.0023,,,AMUNDI-EN24, 2024.12.31,BOND,207
321,HD Hyundai,HYUNDAI CAPITAL AMERICA INC VAR 144A 08/01/2027,US SHORT TERM BOND,752064.0,770000.0,EUR,0.001,,,AMUNDI-EN24, 2024.12.31,BOND,207
322,HD Hyundai,HYUNDAI CAPITAL AMERICA INC VAR 144A 24/06/2027,US SHORT TERM BOND,823018.0,850000.0,EUR,0.0011,,,AMUNDI-EN24, 2024.12.31,BOND,207
323,HD Hyundai,HYUNDAI CAPITAL AMERICA INC VAR 144A 24/09/2027,US SHORT TERM BOND,1190291.0,1230000.0,EUR,0.0017,,,AMUNDI-EN24, 2024.12.31,BOND,207
324,HD Hyundai,HYUNDAI CAPITAL AMERICA INC 6.00% 144A 11/07/2025,US SHORT TERM BOND,874160.0,900000.0,EUR,0.0012,,,AMUNDI-EN24, 2024.12.31,BOND,207
325,Expedia,EXPEDIA GROUP INC 6.25% 144A 01/05/2025,US SHORT TERM BOND,1934486.0,2000000.0,EUR,0.0027,,,AMUNDI-EN24, 2024.12.31,BOND,207
326,Altice International,ALTICE FINANCING SA 5.00% REGS 15/01/2028,EMERGING MARKETS CORPORATE BOND,1178775.0,1500000.0,USD,0.0027,,,AMUNDI-EN24, 2024.12.31,BOND,231
327,HD Hyundai,HYUNDAI CAPITAL SERVICES 1.25% REGS 08/02/2026,EMERGING MARKETS CORPORATE BOND,1764836.0,1840000.0,USD,0.0041,,,AMUNDI-EN24, 2024.12.31,BOND,232
328,Altice International,ALTICE FINANCING SA 5.00% REGS 15/01/2028,EMERGING MARKETS CORPORATE HIGH YIELD BOND,227673.0,300000.0,EUR,0.0037,,,AMUNDI-EN24, 2024.12.31,BOND,236
329,HD Hyundai,HYUNDAI CAPITAL SERVICES 1.25% REGS 08/02/2026,EMERGING MARKETS GREEN BOND,690588.0,720000.0,USD,0.0053,,,AMUNDI-EN24, 2024.12.31,BOND,240
330,HD Hyundai,HYUNDAI MOTOR CO.LTD,ASIA MULTI-ASSET TARGET INCOME,39844.0,376.0,USD,0.0011,,,AMUNDI-EN24, 2024.12.31,EQUITY,254
331,Carlsberg Group,CARLSBERG B,EURO MULTI-ASSET TARGET INCOME,213276.0,2305.0,EUR,0.0011,,,AMUNDI-EN24, 2024.12.31,EQUITY,257
332,Siemens,SIEMENS AG-NOM,EURO MULTI-ASSET TARGET INCOME,629602.0,3339.0,EUR,0.0033,,,AMUNDI-EN24, 2024.12.31,EQUITY,257
333,Siemens,SIEMENS HEALTHINEERS AG,EURO MULTI-ASSET TARGET INCOME,277402.0,5418.0,EUR,0.0015,,,AMUNDI-EN24, 2024.12.31,EQUITY,257
334,BP Plc,BP PLC,EURO MULTI-ASSET TARGET INCOME,226474.0,47646.0,EUR,0.0012,,,AMUNDI-EN24, 2024.12.31,EQUITY,257
335,Alphabet,ALPHABET INC,EURO MULTI-ASSET TARGET INCOME,187737.0,1020.0,EUR,0.001,,,AMUNDI-EN24, 2024.12.31,EQUITY,258
336,Alphabet,ALPHABET INC SHS C,EURO MULTI-ASSET TARGET INCOME,342480.0,1849.0,EUR,0.0018,,,AMUNDI-EN24, 2024.12.31,EQUITY,258
337,Amazon,AMAZON.COM INC,EURO MULTI-ASSET TARGET INCOME,622517.0,2918.0,EUR,0.0033,,,AMUNDI-EN24, 2024.12.31,EQUITY,258
338,Apple,APPLE INC,EURO MULTI-ASSET TARGET INCOME,611419.0,2520.0,EUR,0.0033,,,AMUNDI-EN24, 2024.12.31,EQUITY,258
339,Cisco Systems,CISCO SYSTEMS INC,EURO MULTI-ASSET TARGET INCOME,433424.0,7616.0,EUR,0.0023,,,AMUNDI-EN24, 2024.12.31,EQUITY,258
340,Microsoft,MICROSOFT CORP,EURO MULTI-ASSET TARGET INCOME,549268.0,1344.0,EUR,0.0029,,,AMUNDI-EN24, 2024.12.31,EQUITY,258
341,NVIDIA,NVIDIA CORP,EURO MULTI-ASSET TARGET INCOME,514300.0,3915.0,EUR,0.0027,,,AMUNDI-EN24, 2024.12.31,EQUITY,258
342,Carrefour,CARREFOUR SA 3.625% 17/10/2032,EURO MULTI-ASSET TARGET INCOME,99962.0,100000.0,EUR,0.0005,,,AMUNDI-EN24, 2024.12.31,BOND,259
343,Heidelberg Materials,HEIDELBERG MATERIALS AG 3.375% 17/10/2031,EURO MULTI-ASSET TARGET INCOME,60748.0,60000.0,EUR,0.0003,,,AMUNDI-EN24, 2024.12.31,BOND,260
344,Petróleo Brasileiro,PETROLEO BRASILEIRO,GLOBAL MULTI-ASSET,292007.0,47400.0,EUR,0.0006,,,AMUNDI-EN24, 2024.12.31,EQUITY,266
345,Petróleo Brasileiro,PETROLEO BRASILEIRO PREF.SHS,GLOBAL MULTI-ASSET,128361.0,22690.0,EUR,0.0003,,,AMUNDI-EN24, 2024.12.31,EQUITY,266
346,Carlsberg Group,CARLSBERG B,GLOBAL MULTI-ASSET,712739.0,7703.0,EUR,0.0015,,,AMUNDI-EN24, 2024.12.31,EQUITY,267
347,Siemens,SIEMENS AG-NOM,GLOBAL MULTI-ASSET,1240725.0,6580.0,EUR,0.0026,,,AMUNDI-EN24, 2024.12.31,EQUITY,267
348,Leonardo,LEONARDO AZIONE POST RAGGRUPPAMENTO,GLOBAL MULTI-ASSET,508228.0,19600.0,EUR,0.0011,,,AMUNDI-EN24, 2024.12.31,EQUITY,268
349,FANUC Corp,FANUC LTD,GLOBAL MULTI-ASSET,205236.0,8000.0,EUR,0.0004,,,AMUNDI-EN24, 2024.12.31,EQUITY,268
350,HD Hyundai,HYUNDAI MOTOR CO.LTD,GLOBAL MULTI-ASSET,271698.0,2655.0,EUR,0.0006,,,AMUNDI-EN24, 2024.12.31,EQUITY,269
351,BP Plc,BP PLC,GLOBAL MULTI-ASSET,606835.0,127667.0,EUR,0.0013,,,AMUNDI-EN24, 2024.12.31,EQUITY,270
352,Alphabet,ALPHABET INC SHS C,GLOBAL MULTI-ASSET,6442040.0,35028.0,EUR,0.0136,,,AMUNDI-EN24, 2024.12.31,EQUITY,270
353,Amazon,AMAZON.COM INC,GLOBAL MULTI-ASSET,7546550.0,35619.0,EUR,0.016,,,AMUNDI-EN24, 2024.12.31,EQUITY,270
354,Apple,APPLE INC,GLOBAL MULTI-ASSET,9575694.0,39596.0,EUR,0.0203,,,AMUNDI-EN24, 2024.12.31,EQUITY,270
355,Cisco Systems,CISCO SYSTEMS INC,GLOBAL MULTI-ASSET,6171721.0,107953.0,EUR,0.0132,,,AMUNDI-EN24, 2024.12.31,EQUITY,270
356,Microsoft,MICROSOFT CORP,GLOBAL MULTI-ASSET,6227861.0,15300.0,EUR,0.0132,,,AMUNDI-EN24, 2024.12.31,EQUITY,270
357,NVIDIA,NVIDIA CORP,GLOBAL MULTI-ASSET,2838830.0,21890.0,EUR,0.006,,,AMUNDI-EN24, 2024.12.31,EQUITY,270
358,Altice International,ALTICE FRANCE SA 11.50% 01/02/2027,GLOBAL MULTI-ASSET,501636.0,600000.0,EUR,0.0011,,,AMUNDI-EN24, 2024.12.31,BOND,271
359,Altice International,ALTICE FRANCE SA 5.125% REGS 15/01/2029,GLOBAL MULTI-ASSET,146588.0,200000.0,EUR,0.0003,,,AMUNDI-EN24, 2024.12.31,BOND,271
360,Siemens,SIEMENS FINANCIERINGSMAATSCHAPPIJ NV 3.625% 24/02/2043,GLOBAL MULTI-ASSET,1602208.0,1600000.0,EUR,0.0035,,,AMUNDI-EN24, 2024.12.31,BOND,272
361,Carlsberg Group,CARLSBERG B,GLOBAL MULTI-ASSET CONSERVATIVE,1636347.0,17685.0,EUR,0.0007,,,AMUNDI-EN24, 2024.12.31,EQUITY,275
362,Siemens,SIEMENS AG-NOM,GLOBAL MULTI-ASSET CONSERVATIVE,2843107.0,15078.0,EUR,0.0013,,,AMUNDI-EN24, 2024.12.31,EQUITY,275
363,Leonardo,LEONARDO AZIONE POST RAGGRUPPAMENTO,GLOBAL MULTI-ASSET CONSERVATIVE,1167109.0,45010.0,EUR,0.0005,,,AMUNDI-EN24, 2024.12.31,EQUITY,275
364,BP Plc,BP PLC,GLOBAL MULTI-ASSET CONSERVATIVE,1396248.0,293745.0,EUR,0.0006,,,AMUNDI-EN24, 2024.12.31,EQUITY,275
365,Alphabet,ALPHABET INC SHS C,GLOBAL MULTI-ASSET CONSERVATIVE,11299501.0,61440.0,EUR,0.0051,,,AMUNDI-EN24, 2024.12.31,EQUITY,275
366,Amazon,AMAZON.COM INC,GLOBAL MULTI-ASSET CONSERVATIVE,13275901.0,62661.0,EUR,0.006,,,AMUNDI-EN24, 2024.12.31,EQUITY,275
367,Apple,APPLE INC,GLOBAL MULTI-ASSET CONSERVATIVE,16845974.0,69659.0,EUR,0.0075,,,AMUNDI-EN24, 2024.12.31,EQUITY,275
368,Cisco Systems,CISCO SYSTEMS INC,GLOBAL MULTI-ASSET CONSERVATIVE,10924587.0,191088.0,EUR,0.005,,,AMUNDI-EN24, 2024.12.31,EQUITY,276
369,Microsoft,MICROSOFT CORP,GLOBAL MULTI-ASSET CONSERVATIVE,11315169.0,27798.0,EUR,0.0051,,,AMUNDI-EN24, 2024.12.31,EQUITY,276
370,NVIDIA,NVIDIA CORP,GLOBAL MULTI-ASSET CONSERVATIVE,4983449.0,38427.0,EUR,0.0023,,,AMUNDI-EN24, 2024.12.31,EQUITY,276
371,Altice International,ALTICE FRANCE SA 11.50% 01/02/2027,GLOBAL MULTI-ASSET CONSERVATIVE,4180300.0,5000000.0,EUR,0.0019,,,AMUNDI-EN24, 2024.12.31,BOND,276
372,Altice International,ALTICE FRANCE SA 5.125% REGS 15/01/2029,GLOBAL MULTI-ASSET CONSERVATIVE,586352.0,800000.0,EUR,0.0003,,,AMUNDI-EN24, 2024.12.31,BOND,276
373,Siemens,SIEMENS FINANCIERINGSMAATSCHAPPIJ NV 3.625% 24/02/2043,GLOBAL MULTI-ASSET CONSERVATIVE,10214076.0,10200000.0,EUR,0.0045,,,AMUNDI-EN24, 2024.12.31,BOND,278
374,Alphabet,ALPHABET INC,GLOBAL MULTI-ASSET TARGET INCOME,341687.0,1805.0,USD,0.001,,,AMUNDI-EN24, 2024.12.31,EQUITY,281
375,Alphabet,ALPHABET INC SHS C,GLOBAL MULTI-ASSET TARGET INCOME,623881.0,3276.0,USD,0.0019,,,AMUNDI-EN24, 2024.12.31,EQUITY,281
376,Amazon,AMAZON.COM INC,GLOBAL MULTI-ASSET TARGET INCOME,1132929.0,5164.0,USD,0.0034,,,AMUNDI-EN24, 2024.12.31,EQUITY,281
377,Apple,APPLE INC,GLOBAL MULTI-ASSET TARGET INCOME,1121630.0,4479.0,USD,0.0034,,,AMUNDI-EN24, 2024.12.31,EQUITY,281
378,Cisco Systems,CISCO SYSTEMS INC,GLOBAL MULTI-ASSET TARGET INCOME,916297.0,15478.0,USD,0.0028,,,AMUNDI-EN24, 2024.12.31,EQUITY,281
379,Microsoft,MICROSOFT CORP,GLOBAL MULTI-ASSET TARGET INCOME,1307914.0,3103.0,USD,0.004,,,AMUNDI-EN24, 2024.12.31,EQUITY,281
380,NVIDIA,NVIDIA CORP,GLOBAL MULTI-ASSET TARGET INCOME,902428.0,6720.0,USD,0.0027,,,AMUNDI-EN24, 2024.12.31,EQUITY,281
381,Carlsberg Group,CARLSBERG BREWERIES A/S 4.25% 05/10/2033,GLOBAL MULTI-ASSET TARGET INCOME,330820.0,300000.0,USD,0.001,,,AMUNDI-EN24, 2024.12.31,BOND,282
382,Siemens,SIEMENS FINANCIERINGSMAATSCHAPPIJ NV 3.625% 22/02/2044,GLOBAL MULTI-ASSET TARGET INCOME,412970.0,400000.0,USD,0.0012,,,AMUNDI-EN24, 2024.12.31,BOND,285
383,Apple,APPLE INC 4.65% 23/02/2046,GLOBAL MULTI-ASSET TARGET INCOME,274383.0,300000.0,USD,0.0008,,,AMUNDI-EN24, 2024.12.31,BOND,286
384,Microsoft,MICROSOFT CORP 2.921% 17/03/2052,GLOBAL MULTI-ASSET TARGET INCOME,265108.0,400000.0,USD,0.0008,,,AMUNDI-EN24, 2024.12.31,BOND,287
385,Microsoft,MICROSOFT CORP 4.25% 06/02/2047,GLOBAL MULTI-ASSET TARGET INCOME,266799.0,300000.0,USD,0.0008,,,AMUNDI-EN24, 2024.12.31,BOND,287
386,HD Hyundai,HYUNDAI MOTOR,INCOME OPPORTUNITIES,1021154.0,7091.0,USD,0.0006,,,AMUNDI-EN24, 2024.12.31,EQUITY,289
387,Cisco Systems,CISCO SYSTEMS INC,INCOME OPPORTUNITIES,41852684.0,706971.0,USD,0.0246,,,AMUNDI-EN24, 2024.12.31,EQUITY,289
388,Caterpillar,2001 CAT RE LTD VAR 08/01/2027,INCOME OPPORTUNITIES,258375.0,250000.0,USD,0.0002,,,AMUNDI-EN24, 2024.12.31,BOND,290
389,Carlsberg Group,CARL ZEISS MEDITEC,MULTI-ASSET REAL RETURN,41651.0,915.0,EUR,1e-04,,,AMUNDI-EN24, 2024.12.31,EQUITY,296
390,Siemens,SIEMENS AG-NOM,MULTI-ASSET REAL RETURN,410872.0,2179.0,EUR,0.0013,,,AMUNDI-EN24, 2024.12.31,EQUITY,296
391,Siemens,SIEMENS HEALTHINEERS AG,MULTI-ASSET REAL RETURN,188160.0,3675.0,EUR,0.0006,,,AMUNDI-EN24, 2024.12.31,EQUITY,296
392,Alphabet,ALPHABET INC,MULTI-ASSET REAL RETURN,217727.0,1191.0,EUR,0.0007,,,AMUNDI-EN24, 2024.12.31,EQUITY,296
393,Alphabet,ALPHABET INC SHS C,MULTI-ASSET REAL RETURN,397432.0,2161.0,EUR,0.0013,,,AMUNDI-EN24, 2024.12.31,EQUITY,296
394,Amazon,AMAZON.COM INC,MULTI-ASSET REAL RETURN,725649.0,3425.0,EUR,0.0024,,,AMUNDI-EN24, 2024.12.31,EQUITY,296
395,Apple,APPLE INC,MULTI-ASSET REAL RETURN,715347.0,2958.0,EUR,0.0024,,,AMUNDI-EN24, 2024.12.31,EQUITY,296
396,Cisco Systems,CISCO SYSTEMS INC,MULTI-ASSET REAL RETURN,509217.0,8907.0,EUR,0.0016,,,AMUNDI-EN24, 2024.12.31,EQUITY,296
397,Microsoft,MICROSOFT CORP,MULTI-ASSET REAL RETURN,637439.0,1566.0,EUR,0.0021,,,AMUNDI-EN24, 2024.12.31,EQUITY,297
398,NVIDIA,NVIDIA CORP,MULTI-ASSET REAL RETURN,575547.0,4438.0,EUR,0.0018,,,AMUNDI-EN24, 2024.12.31,EQUITY,297
399,Carrefour,CARREFOUR SA 1.25% 03/06/2025,MULTI-ASSET REAL RETURN,329633.0,332000.0,EUR,0.001,,,AMUNDI-EN24, 2024.12.31,BOND,297
400,Cisco Systems,CISCO SYSTEMS INC,MULTI-ASSET SUSTAINABLE FUTURE,4743718.0,82975.0,EUR,0.0052,,,AMUNDI-EN24, 2024.12.31,EQUITY,301
401,Hewlett Packard Enterprise,HEWLETT PACKARD ENTERPRISE,MULTI-ASSET SUSTAINABLE FUTURE,3182150.0,154338.0,EUR,0.0035,,,AMUNDI-EN24, 2024.12.31,EQUITY,302
402,Microsoft,MICROSOFT CORP,MULTI-ASSET SUSTAINABLE FUTURE,16772485.0,41205.0,EUR,0.0185,,,AMUNDI-EN24, 2024.12.31,EQUITY,302
403,NVIDIA,NVIDIA CORP,MULTI-ASSET SUSTAINABLE FUTURE,14629506.0,112807.0,EUR,0.0162,,,AMUNDI-EN24, 2024.12.31,EQUITY,302
404,International Business Machines,INTERNATIONAL BUSINESS MACHINES CORP 0.875% 31/01/2025,MULTI-ASSET SUSTAINABLE FUTURE,2994750.0,3000000.0,EUR,0.0033,,,AMUNDI-EN24, 2024.12.31,BOND,303
405,Siemens,SIEMENS AG-NOM,NET ZERO AMBITION MULTI-ASSET,135575.0,719.0,EUR,0.0007,,,AMUNDI-EN24, 2024.12.31,EQUITY,305
406,Siemens,SIEMENS ENERGY AG,NET ZERO AMBITION MULTI-ASSET,144036.0,2859.0,EUR,0.0007,,,AMUNDI-EN24, 2024.12.31,EQUITY,305
407,FANUC Corp,FANUC LTD,NET ZERO AMBITION MULTI-ASSET,48744.0,1900.0,EUR,0.0002,,,AMUNDI-EN24, 2024.12.31,EQUITY,305
408,HD Hyundai,HYUNDAI MOTOR CO.LTD,NET ZERO AMBITION MULTI-ASSET,128532.0,1256.0,EUR,0.0007,,,AMUNDI-EN24, 2024.12.31,EQUITY,306
409,Airbnb,AIRBNB INC,NET ZERO AMBITION MULTI-ASSET,44163.0,348.0,EUR,0.0002,,,AMUNDI-EN24, 2024.12.31,EQUITY,307
410,Alphabet,ALPHABET INC,NET ZERO AMBITION MULTI-ASSET,1564857.0,8560.0,EUR,0.0081,,,AMUNDI-EN24, 2024.12.31,EQUITY,307
411,Alphabet,ALPHABET INC SHS C,NET ZERO AMBITION MULTI-ASSET,1113399.0,6054.0,EUR,0.0057,,,AMUNDI-EN24, 2024.12.31,EQUITY,307
412,Apple,APPLE INC,NET ZERO AMBITION MULTI-ASSET,3825103.0,15817.0,EUR,0.0197,,,AMUNDI-EN24, 2024.12.31,EQUITY,307
413,Blackrock,BLACKROCK INC,NET ZERO AMBITION MULTI-ASSET,118930.0,120.0,EUR,0.0006,,,AMUNDI-EN24, 2024.12.31,EQUITY,307
414,Booking Holdings,BOOKING HOLDINGS INC,NET ZERO AMBITION MULTI-ASSET,191924.0,40.0,EUR,0.001,,,AMUNDI-EN24, 2024.12.31,EQUITY,307
415,Cisco Systems,CISCO SYSTEMS INC,NET ZERO AMBITION MULTI-ASSET,336791.0,5891.0,EUR,0.0017,,,AMUNDI-EN24, 2024.12.31,EQUITY,307
416,Hewlett Packard Enterprise,HEWLETT PACKARD ENTERPRISE,NET ZERO AMBITION MULTI-ASSET,74287.0,3603.0,EUR,0.0004,,,AMUNDI-EN24, 2024.12.31,EQUITY,308
417,Microsoft,MICROSOFT CORP,NET ZERO AMBITION MULTI-ASSET,3265354.0,8022.0,EUR,0.0168,,,AMUNDI-EN24, 2024.12.31,EQUITY,308
418,Motorola Solutions,MOTOROLA SOLUTIONS INC,NET ZERO AMBITION MULTI-ASSET,58499.0,131.0,EUR,0.0003,,,AMUNDI-EN24, 2024.12.31,EQUITY,308
419,NVIDIA,NVIDIA CORP,NET ZERO AMBITION MULTI-ASSET,3556125.0,27421.0,EUR,0.0183,,,AMUNDI-EN24, 2024.12.31,EQUITY,308
420,CNH Industrial,CNH INDUSTRIAL CAPITAL LLC 4.55% 10/04/2028,NET ZERO AMBITION MULTI-ASSET,285804.0,300000.0,EUR,0.0015,,,AMUNDI-EN24, 2024.12.31,BOND,312
421,Cisco Systems,CISCO SYSTEMS INC,PIONEER FLEXIBLE OPPORTUNITIES,832707.0,14066.0,USD,0.0279,,,AMUNDI-EN24, 2024.12.31,EQUITY,315
422,BP Plc,BP PLC,REAL ASSETS TARGET INCOME,984401.0,200000.0,USD,0.0051,,,AMUNDI-EN24, 2024.12.31,EQUITY,317
423,Chevron,CHEVRON CORP,REAL ASSETS TARGET INCOME,1811500.0,12500.0,USD,0.0095,,,AMUNDI-EN24, 2024.12.31,EQUITY,318
424,Volvo Car Corp,VOLVO TREASURY AB FRN 22/11/2026,ABSOLUTE RETURN FOREX,1200270.0,1200000.0,EUR,0.0173,,,AMUNDI-EN24, 2024.12.31,BOND,321
425,Siemens,SIEMENS AG-NOM,ABSOLUTE RETURN MULTI-STRATEGY,1887108.0,10008.0,EUR,0.0023,,,AMUNDI-EN24, 2024.12.31,EQUITY,322
426,Siemens,SIEMENS ENERGY AG,ABSOLUTE RETURN MULTI-STRATEGY,1677805.0,33303.0,EUR,0.002,,,AMUNDI-EN24, 2024.12.31,EQUITY,322
427,Alphabet,ALPHABET INC,ABSOLUTE RETURN MULTI-STRATEGY,3153248.0,17132.0,EUR,0.0039,,,AMUNDI-EN24, 2024.12.31,EQUITY,322
428,Amazon,AMAZON.COM INC,ABSOLUTE RETURN MULTI-STRATEGY,3569547.0,16732.0,EUR,0.0044,,,AMUNDI-EN24, 2024.12.31,EQUITY,322
429,Apple,APPLE INC,ABSOLUTE RETURN MULTI-STRATEGY,3179866.0,13106.0,EUR,0.0039,,,AMUNDI-EN24, 2024.12.31,EQUITY,322
430,Microsoft,MICROSOFT CORP,ABSOLUTE RETURN MULTI-STRATEGY,2971525.0,7271.0,EUR,0.0036,,,AMUNDI-EN24, 2024.12.31,EQUITY,322
431,NVIDIA,NVIDIA CORP,ABSOLUTE RETURN MULTI-STRATEGY,3450735.0,26268.0,EUR,0.0042,,,AMUNDI-EN24, 2024.12.31,EQUITY,322
432,Volvo Car Corp,VOLVO TREASURY AB 3.125% 08/02/2029,ABSOLUTE RETURN MULTI-STRATEGY,401716.0,400000.0,EUR,0.0005,,,AMUNDI-EN24, 2024.12.31,BOND,325
433,Volvo Car Corp,VOLVO TREASURY AB 3.125% 08/09/2026,ABSOLUTE RETURN MULTI-STRATEGY,602760.0,600000.0,EUR,0.0007,,,AMUNDI-EN24, 2024.12.31,BOND,325
434,Siemens,SIEMENS AG-NOM,MULTI-STRATEGY GROWTH,2455428.0,13022.0,EUR,0.004,,,AMUNDI-EN24, 2024.12.31,EQUITY,332
435,Siemens,SIEMENS ENERGY AG,MULTI-STRATEGY GROWTH,1926481.0,38239.0,EUR,0.0032,,,AMUNDI-EN24, 2024.12.31,EQUITY,332
436,Alphabet,ALPHABET INC,MULTI-STRATEGY GROWTH,3477554.0,18894.0,EUR,0.0057,,,AMUNDI-EN24, 2024.12.31,EQUITY,332
437,Amazon,AMAZON.COM INC,MULTI-STRATEGY GROWTH,3396318.0,15920.0,EUR,0.0056,,,AMUNDI-EN24, 2024.12.31,EQUITY,332
438,Apple,APPLE INC,MULTI-STRATEGY GROWTH,3506927.0,14454.0,EUR,0.0058,,,AMUNDI-EN24, 2024.12.31,EQUITY,332
439,Microsoft,MICROSOFT CORP,MULTI-STRATEGY GROWTH,3277219.0,8019.0,EUR,0.0054,,,AMUNDI-EN24, 2024.12.31,EQUITY,332
440,NVIDIA,NVIDIA CORP,MULTI-STRATEGY GROWTH,4466592.0,34001.0,EUR,0.0073,,,AMUNDI-EN24, 2024.12.31,EQUITY,332
441,Volvo Car Corp,VOLVO TREASURY AB 3.125% 08/02/2029,MULTI-STRATEGY GROWTH,502145.0,500000.0,EUR,0.0008,,,AMUNDI-EN24, 2024.12.31,BOND,335
442,Volvo Car Corp,VOLVO TREASURY AB 3.125% 08/09/2026,MULTI-STRATEGY GROWTH,703220.0,700000.0,EUR,0.0012,,,AMUNDI-EN24, 2024.12.31,BOND,335
443,Volvo Car Corp,VOLVO AB FRN 22/05/2026,CASH EUR,2298568.0,2297000.0,EUR,0.0005,,,AMUNDI-EN24, 2024.12.31,BOND,344
444,Volvo Car Corp,VOLVO TREASURY AB FRN 09/01/2026,CASH EUR,4410373.0,4400000.0,EUR,0.001,,,AMUNDI-EN24, 2024.12.31,BOND,344
445,Volvo Car Corp,VOLVO TREASURY AB FRN 21/11/2025,CASH EUR,6505222.0,6500000.0,EUR,0.0014,,,AMUNDI-EN24, 2024.12.31,BOND,344
446,Carrefour,CARREFOUR SA 0% 13/01/2025,CASH EUR,14983741.0,15000000.0,EUR,0.0034,,,AMUNDI-EN24, 2024.12.31,BOND,345
447,International Business Machines,IBM INTERNATIONAL CAPITAL PTE LTD 4.70% 05/02/2026,CASH USD,20028052.0,20000000.0,USD,0.0052,,,AMUNDI-EN24, 2024.12.31,BOND,347
448,Caterpillar,CATERPILLAR FINANCIAL SERVICES CORP VAR 27/02/2026,CASH USD,10009782.0,10000000.0,USD,0.0025,,,AMUNDI-EN24, 2024.12.31,BOND,347
449,HD Hyundai,HYUNDAI CAPITAL AMERICA INC 0% 23/01/2025,CASH USD,49853610.0,50000000.0,USD,0.0127,,,AMUNDI-EN24, 2024.12.31,BOND,348
450,HD Hyundai,HYUNDAI CAPITAL AMERICA 1.8% 15-10-25,AMUNDI ACCUMULAZIONE EQUITY QUALITY 2028,355000.0,97.533,EUR,0.0066,,,AMUNDI-IT24, 2024.12.30,BOND,105
451,Expedia,EXPEDIA GROUP 6.25% 01-05-25,AMUNDI ACCUMULAZIONE EQUITY QUALITY 2028,315000.0,100.059,EUR,0.006,,,AMUNDI-IT24, 2024.12.30,BOND,105
452,Hewlett Packard Enterprise,HEWLETT PACKARD ENTERPRISE,AMUNDI ACCUMULAZIONE EQUITY QUALITY 2028,12352.0,21.4,EUR,0.005,,,AMUNDI-IT24, 2024.12.30,EQUITY,106
453,HD Hyundai,HYUNDAI CAPITAL AMERICA 1.3% 08-01-26,AMUNDI ACCUMULAZIONE EQUITY QUALITY 2028 DUE,431000.0,96.411,EUR,0.006,,,AMUNDI-IT24, 2024.12.30,BOND,133
454,CNH Industrial,CNH INDUSTRIAL CAPITAL LLC 1.45% 15-07-26,AMUNDI ACCUMULAZIONE EQUITY QUALITY 2028 DUE,434000.0,95.059,EUR,0.006,,,AMUNDI-IT24, 2024.12.30,BOND,133
455,Expedia,EXPEDIA GROUP 5.0% 15-02-26,AMUNDI ACCUMULAZIONE EQUITY QUALITY 2028 DUE,384000.0,100.102,EUR,0.0056,,,AMUNDI-IT24, 2024.12.30,BOND,134
456,International Business Machines,IBM INTL BUSINESS MACHINES 0.875% 09-02-30,AMUNDI ACCUMULAZIONE FOOD & AGRIBUSINESS 2028,360000.0,90.439,EUR,0.0114,,,AMUNDI-IT24, 2024.12.30,BOND,210
457,Carlsberg Group,CARLSBERG BREWERIES AS 0.875% 01-07-29,AMUNDI ACCUMULAZIONE FOOD & AGRIBUSINESS 2028,350000.0,91.436,EUR,0.0112,,,AMUNDI-IT24, 2024.12.30,BOND,210
458,HD Hyundai,HYUNDAI CAPITAL AMERICA 1.3% 08-01-26,AMUNDI ACCUMULAZIONE HEALTHCARE 2027,395000.0,96.411,EUR,0.0058,,,AMUNDI-IT24, 2024.12.30,BOND,340
459,Blackrock,BlackRock Global Funds - World Healthscience,AMUNDI ACCUMULAZIONE HUMAN TRENDS 2025,28070.57,14.95,EUR,0.0213,,,AMUNDI-IT24, 2024.12.30,EQUITY,365
460,Blackrock,BlackRock Global Funds - World Healthscience,AMUNDI ACCUMULAZIONE HUMAN TRENDS 2025 DUE,63976.18,14.95,EUR,0.0211,,,AMUNDI-IT24, 2024.12.30,EQUITY,392
461,Caterpillar,CATERPILLAR FINANCIAL SERVICES 0.8% 13-11-,AMUNDI ACCUMULAZIONE INFRASTRUTTURE GLOBALI 2026,600000.0,96.854,EUR,0.0056,,,AMUNDI-IT24, 2024.12.30,BOND,446
462,HD Hyundai,HYUNDAI CAPITAL AMERICA 1.3% 08-01-26,AMUNDI ACCUMULAZIONE INFRASTRUTTURE GLOBALI 2028 DUE,137000.0,96.411,EUR,0.0051,,,AMUNDI-IT24, 2024.12.30,BOND,527
463,CNH Industrial,CNH INDUSTRIAL CAPITAL LLC 1.45% 15-07-26,AMUNDI ACCUMULAZIONE INFRASTRUTTURE GLOBALI 2028 DUE,138000.0,95.059,EUR,0.005,,,AMUNDI-IT24, 2024.12.30,BOND,527
464,Amazon,AMAZON.COM INC,AMUNDI ACCUMULAZIONE INTELLIGENZA ARTIFICIALE 2029,7958.0,221.3,EUR,0.0135,,,AMUNDI-IT24, 2024.12.30,EQUITY,558
465,NVIDIA,NVIDIA CORP,AMUNDI ACCUMULAZIONE INTELLIGENZA ARTIFICIALE 2029,9213.0,137.49,EUR,0.0097,,,AMUNDI-IT24, 2024.12.30,EQUITY,558
466,Microsoft,MICROSOFT CORP,AMUNDI ACCUMULAZIONE INTELLIGENZA ARTIFICIALE 2029,2906.0,424.83,EUR,0.0094,,,AMUNDI-IT24, 2024.12.30,EQUITY,558
467,Alphabet,ALPHABET INC-CL A,AMUNDI ACCUMULAZIONE INTELLIGENZA ARTIFICIALE 2029,6436.0,191.24,EUR,0.0094,,,AMUNDI-IT24, 2024.12.30,EQUITY,558
468,Apple,APPLE INC,AMUNDI ACCUMULAZIONE INTELLIGENZA ARTIFICIALE 2029,3593.0,252.2,EUR,0.0069,,,AMUNDI-IT24, 2024.12.30,EQUITY,558
469,Booking Holdings,BOOKING HOLDINGS INC,AMUNDI ACCUMULAZIONE INTELLIGENZA ARTIFICIALE 2029,66.0,4990.87,EUR,0.0025,,,AMUNDI-IT24, 2024.12.30,EQUITY,559
