Publication date,Sub-fund,Format,Page,search name,Investee company legal name,Financial instrument,Nominal/Quantity,Market value,Market value in EUR,Associated banking group,OHCHR25/UN/2025-09-26,OHCHR23/UN/2023-06-30,UNSR_OPT/UN/2025-01-01,DBIO/NGO/2024-01-01,BR_SOY_DEFOREST_3K/TRASE.EARTH/2022-01-01,TEST/FREEPORTS/2025-01-01
 2024.12.31,AKTIV FÖRMÖGENHETSFÖRVALTNING,DANSKEINVEST-EN24,57,Volvo Car Corp,Volvo Car Corporation,EQUITY,242000.0,65001200.0,5672501.96,Danske Bank,0,0,1,1,0,1
 2024.12.31,DENMARK FOCUS,DANSKEINVEST-EN24,67,Carlsberg Group,Carlsberg Group AS,EQUITY,6497.0,4482930.0,601106.22,Danske Bank,0,0,0,1,0,1
 2024.12.31,EMERGING MARKETS SUSTAINABLE FUTURE,DANSKEINVEST-EN24,88,Siemens,Siemens AG,EQUITY,3885.0,287203.0,287203.0,Danske Bank,0,0,0,1,0,1
 2024.12.31,EMERGING MARKETS SUSTAINABLE FUTURE,DANSKEINVEST-EN24,89,HD Hyundai,HD Hyundai Co. Ltd,EQUITY,1658.0,412944.0,412944.0,Danske Bank,0,0,1,1,0,1
 2024.12.31,EURO HIGH YIELD BOND,DANSKEINVEST-EN24,92,Altice International,Altice International Sarl,BOND,100000.0,56450.0,56450.0,Danske Bank,1,1,0,1,0,1
 2024.12.31,EURO HIGH YIELD BOND,DANSKEINVEST-EN24,93,Volvo Car Corp,Volvo Car Corporation,BOND,100000.0,98088.0,98088.0,Danske Bank,0,0,1,1,0,1
 2024.12.31,EURO INVESTMENT GRADE CORPORATE BOND,DANSKEINVEST-EN24,95,Carlsberg Group,Carlsberg Group AS,BOND,7596000.0,7898577.0,7898577.0,Danske Bank,0,0,0,1,0,1
 2024.12.31,EURO INVESTMENT GRADE CORPORATE BOND,DANSKEINVEST-EN24,96,Carrefour,Carrefour SA,BOND,4100000.0,4254003.0,4254003.0,Danske Bank,0,0,0,1,0,1
 2024.12.31,EURO INVESTMENT GRADE CORPORATE BOND,DANSKEINVEST-EN24,98,CNH Industrial,CNH Industrial NV,BOND,2050000.0,2088595.0,2088595.0,Danske Bank,0,0,0,1,0,1
 2024.12.31,EURO INVESTMENT GRADE CORPORATE BOND,DANSKEINVEST-EN24,99,Volvo Car Corp,Volvo Car Corporation,BOND,1590000.0,1594070.0,1594070.0,Danske Bank,0,0,1,1,0,1
 2024.12.31,EURO INVESTMENT GRADE CORPORATE BOND,DANSKEINVEST-EN24,100,Booking Holdings,Booking Holdings Inc,BOND,931000.0,933011.0,933011.0,Danske Bank,1,1,1,1,0,1
 2024.12.31,EURO INVESTMENT GRADE CORPORATE BOND,DANSKEINVEST-EN24,100,Booking Holdings,Booking Holdings Inc,BOND,3500000.0,3768220.0,3768220.0,Danske Bank,1,1,1,1,0,1
 2024.12.31,EUROPE,DANSKEINVEST-EN24,103,Siemens,Siemens AG,EQUITY,6884.0,1298047.0,1298047.0,Danske Bank,0,0,0,1,0,1
 2024.12.31,EUROPE HIGH DIVIDEND,DANSKEINVEST-EN24,106,Siemens,Siemens AG,EQUITY,5802.0,1094025.0,1094025.0,Danske Bank,0,0,0,1,0,1
 2024.12.31,EUROPE LONG-SHORT EQUITY FACTORS,DANSKEINVEST-EN24,109,Heidelberg Materials,Heidelberg Materials AG,EQUITY,5225.0,623343.0,623343.0,Danske Bank,1,0,1,1,0,1
 2024.12.31,EUROPEAN CORPORATE SUSTAINABLE BOND,DANSKEINVEST-EN24,118,Siemens,Siemens AG,BOND,2000000.0,2072681.0,2072681.0,Danske Bank,0,0,0,1,0,1
 2024.12.31,GLOBAL EMERGING MARKETS SMALL CAP,DANSKEINVEST-EN24,137,HD Hyundai,HD Hyundai Co. Ltd,EQUITY,6516.0,714385.0,687635.96,Danske Bank,0,0,1,1,0,1
 2024.12.31,GLOBAL INDEX,DANSKEINVEST-EN24,150,Carlsberg Group,Carlsberg Group AS,EQUITY,7603.0,8048925.0,702410.77,Danske Bank,0,0,0,1,0,1
 2024.12.31,GLOBAL INDEX,DANSKEINVEST-EN24,150,Carrefour,Carrefour SA,EQUITY,25398.0,3989817.0,348181.95,Danske Bank,0,0,0,1,0,1
 2024.12.31,GLOBAL INDEX,DANSKEINVEST-EN24,151,Heidelberg Materials,Heidelberg Materials AG,EQUITY,3667.0,5005348.0,436804.96,Danske Bank,1,0,1,1,0,1
 2024.12.31,GLOBAL INDEX,DANSKEINVEST-EN24,152,Siemens,Siemens AG,EQUITY,48259.0,104114400.0,9085819.01,Danske Bank,0,0,0,1,0,1
 2024.12.31,GLOBAL INDEX,DANSKEINVEST-EN24,152,Siemens,Siemens AG,EQUITY,36955.0,21301700.0,1858949.3,Danske Bank,0,0,0,1,0,1
 2024.12.31,GLOBAL INDEX,DANSKEINVEST-EN24,152,Siemens,Siemens AG,EQUITY,15200.0,8904232.0,777051.4,Danske Bank,0,0,0,1,0,1
 2024.12.31,GLOBAL INDEX,DANSKEINVEST-EN24,153,Leonardo,Leonardo SpA,EQUITY,73650.0,21850340.0,1906827.82,Danske Bank,0,0,1,0,0,1
 2024.12.31,GLOBAL INDEX,DANSKEINVEST-EN24,154,FANUC Corp,FANUC Corporation,EQUITY,54325.0,15945825.0,1391554.67,Danske Bank,0,0,1,0,0,1
 2024.12.31,GLOBAL INDEX,DANSKEINVEST-EN24,157,CNH Industrial,CNH Industrial NV,EQUITY,57532.0,7202316.0,628529.19,Danske Bank,0,0,0,1,0,1
 2024.12.31,GLOBAL INDEX,DANSKEINVEST-EN24,159,Volvo Car Corp,Volvo Car Corporation,EQUITY,112889.0,30469764.0,2659024.7,Danske Bank,0,0,1,1,0,1
 2024.12.31,GLOBAL INDEX,DANSKEINVEST-EN24,161,BP Plc,BP Plc,EQUITY,1323774.0,71991670.0,6282543.85,Danske Bank,0,0,1,0,0,1
 2024.12.31,GLOBAL INDEX,DANSKEINVEST-EN24,162,Airbnb,Airbnb Inc,EQUITY,29400.0,42688268.0,3725304.83,Danske Bank,1,1,1,1,0,1
 2024.12.31,GLOBAL INDEX,DANSKEINVEST-EN24,162,Alphabet,Alphabet Inc,EQUITY,690549.0,1448417800.0,126400017.45,Danske Bank,0,0,1,0,0,1
 2024.12.31,GLOBAL INDEX,DANSKEINVEST-EN24,162,Amazon,Amazon.com Inc,EQUITY,599601.0,1453489800.0,126842638.97,Danske Bank,0,0,1,0,0,1
 2024.12.31,GLOBAL INDEX,DANSKEINVEST-EN24,162,Apple,Apple Inc,EQUITY,963108.0,2664874800.0,232557361.03,Danske Bank,0,0,0,0,0,1
 2024.12.31,GLOBAL INDEX,DANSKEINVEST-EN24,163,Blackrock,Blackrock Inc,EQUITY,9905.0,112190930.0,9790638.8,Danske Bank,0,0,0,0,0,1
 2024.12.31,GLOBAL INDEX,DANSKEINVEST-EN24,163,Booking Holdings,Booking Holdings Inc,EQUITY,2163.0,118742900.0,10362413.82,Danske Bank,1,1,1,1,0,1
 2024.12.31,GLOBAL INDEX,DANSKEINVEST-EN24,163,Caterpillar,Caterpillar Inc,EQUITY,31693.0,127032700.0,11085845.19,Danske Bank,0,0,1,1,0,1
 2024.12.31,GLOBAL INDEX,DANSKEINVEST-EN24,164,Chevron,Chevron Corporation,EQUITY,128458.0,205580770.0,17940550.66,Danske Bank,0,0,1,0,0,1
 2024.12.31,GLOBAL INDEX,DANSKEINVEST-EN24,164,Cisco Systems,Cisco Systems Inc,EQUITY,264570.0,173059360.0,15102483.64,Danske Bank,0,0,0,1,0,1
 2024.12.31,GLOBAL INDEX,DANSKEINVEST-EN24,165,Expedia,Expedia Group Inc,EQUITY,8652.0,17812796.0,1554480.84,Danske Bank,1,1,0,1,0,1
 2024.12.31,GLOBAL INDEX,DANSKEINVEST-EN24,166,Hewlett Packard Enterprise,Hewlett Packard Enterprise Company,EQUITY,82163.0,19382374.0,1691454.23,Danske Bank,0,0,1,1,0,1
 2024.12.31,GLOBAL INDEX,DANSKEINVEST-EN24,166,International Business Machines,International Business Machines Corp.,EQUITY,59658.0,144906690.0,12645666.29,Danske Bank,0,0,1,1,0,1
 2024.12.31,GLOBAL INDEX,DANSKEINVEST-EN24,168,Microsoft,Microsoft Corp.,EQUITY,448180.0,2087290200.0,182152910.38,Danske Bank,0,0,1,0,0,1
 2024.12.31,GLOBAL INDEX,DANSKEINVEST-EN24,168,Motorola Solutions,Motorola Solutions Inc,EQUITY,10900.0,55669510.0,4858147.31,Danske Bank,1,1,0,1,0,1
 2024.12.31,GLOBAL INDEX,DANSKEINVEST-EN24,168,NVIDIA,NVIDIA Corporation,EQUITY,1553616.0,2305261300.0,201174736.02,Danske Bank,0,0,0,0,0,1
 2024.12.31,GLOBAL INDEX,DANSKEINVEST-EN24,168,Palantir Technologies,Palantir Technologies Inc,EQUITY,129700.0,108384424.0,9458453.97,Danske Bank,0,0,1,0,0,1
 2024.12.31,GLOBAL INDEX RESTRICTED,DANSKEINVEST-EN24,175,Carlsberg Group,Carlsberg Group AS,EQUITY,1167.0,607793.0,53040.67,Danske Bank,0,0,0,1,0,1
 2024.12.31,GLOBAL INDEX RESTRICTED,DANSKEINVEST-EN24,176,Siemens,Siemens AG,EQUITY,319.0,688213.0,60058.73,Danske Bank,0,0,0,1,0,1
 2024.12.31,GLOBAL INDEX RESTRICTED,DANSKEINVEST-EN24,176,FANUC Corp,FANUC Corporation,EQUITY,30900.0,9069968.0,791514.79,Danske Bank,0,0,1,0,0,1
 2024.12.31,GLOBAL INDEX RESTRICTED,DANSKEINVEST-EN24,179,Airbnb,Airbnb Inc,EQUITY,2400.0,3484757.0,304106.55,Danske Bank,1,1,1,1,0,1
 2024.12.31,GLOBAL INDEX RESTRICTED,DANSKEINVEST-EN24,179,Alphabet,Alphabet Inc,EQUITY,63929.0,134251120.0,11715779.74,Danske Bank,0,0,1,0,0,1
 2024.12.31,GLOBAL INDEX RESTRICTED,DANSKEINVEST-EN24,179,Amazon,Amazon.com Inc,EQUITY,52589.0,127480730.0,11124943.71,Danske Bank,0,0,1,0,0,1
 2024.12.31,GLOBAL INDEX RESTRICTED,DANSKEINVEST-EN24,180,Apple,Apple Inc,EQUITY,88140.0,243879250.0,21282769.0,Danske Bank,0,0,0,0,0,1
 2024.12.31,GLOBAL INDEX RESTRICTED,DANSKEINVEST-EN24,180,Blackrock,Blackrock Inc,EQUITY,1284.0,14543479.0,1269175.23,Danske Bank,0,0,0,0,0,1
 2024.12.31,GLOBAL INDEX RESTRICTED,DANSKEINVEST-EN24,180,Booking Holdings,Booking Holdings Inc,EQUITY,109.0,5983807.0,522192.77,Danske Bank,1,1,1,1,0,1
 2024.12.31,GLOBAL INDEX RESTRICTED,DANSKEINVEST-EN24,180,Cisco Systems,Cisco Systems Inc,EQUITY,34163.0,22346552.0,1950131.08,Danske Bank,0,0,0,1,0,1
 2024.12.31,GLOBAL INDEX RESTRICTED,DANSKEINVEST-EN24,181,Hewlett Packard Enterprise,Hewlett Packard Enterprise Company,EQUITY,14052.0,3314888.0,289282.49,Danske Bank,0,0,1,1,0,1
 2024.12.31,GLOBAL INDEX RESTRICTED,DANSKEINVEST-EN24,181,International Business Machines,International Business Machines Corp.,EQUITY,14817.0,35989850.0,3140749.63,Danske Bank,0,0,1,1,0,1
 2024.12.31,GLOBAL INDEX RESTRICTED,DANSKEINVEST-EN24,182,Microsoft,Microsoft Corp.,EQUITY,44006.0,204947330.0,17885271.84,Danske Bank,0,0,1,0,0,1
 2024.12.31,GLOBAL INDEX RESTRICTED,DANSKEINVEST-EN24,182,Motorola Solutions,Motorola Solutions Inc,EQUITY,3000.0,15321884.0,1337104.81,Danske Bank,1,1,0,1,0,1
 2024.12.31,GLOBAL INDEX RESTRICTED,DANSKEINVEST-EN24,182,NVIDIA,NVIDIA Corporation,EQUITY,156892.0,232796940.0,20315641.85,Danske Bank,0,0,0,0,0,1
 2024.12.31,GLOBAL INDEX RESTRICTED,DANSKEINVEST-EN24,183,Palantir Technologies,Palantir Technologies Inc,EQUITY,3600.0,3008357.0,262532.25,Danske Bank,0,0,1,0,0,1
 2024.12.31,GLOBAL PORTFOLIO SOLUTION - BALANCED,DANSKEINVEST-EN24,198,Carlsberg Group,Carlsberg Group AS,EQUITY,1037.0,95951.0,95951.0,Danske Bank,0,0,0,1,0,1
 2024.12.31,GLOBAL PORTFOLIO SOLUTION - BALANCED,DANSKEINVEST-EN24,199,Carrefour,Carrefour SA,EQUITY,4680.0,64256.0,64256.0,Danske Bank,0,0,0,1,0,1
 2024.12.31,GLOBAL PORTFOLIO SOLUTION - BALANCED,DANSKEINVEST-EN24,200,Carlsberg Group,Carlsberg Group AS,EQUITY,206.0,9377.0,9377.0,Danske Bank,0,0,0,1,0,1
 2024.12.31,GLOBAL PORTFOLIO SOLUTION - BALANCED,DANSKEINVEST-EN24,200,Heidelberg Materials,Heidelberg Materials AG,EQUITY,994.0,118584.0,118584.0,Danske Bank,1,0,1,1,0,1
 2024.12.31,GLOBAL PORTFOLIO SOLUTION - BALANCED,DANSKEINVEST-EN24,201,Siemens,Siemens AG,EQUITY,8677.0,1636135.0,1636135.0,Danske Bank,0,0,0,1,0,1
 2024.12.31,GLOBAL PORTFOLIO SOLUTION - BALANCED,DANSKEINVEST-EN24,201,Siemens,Siemens AG,EQUITY,7701.0,387976.0,387976.0,Danske Bank,0,0,0,1,0,1
 2024.12.31,GLOBAL PORTFOLIO SOLUTION - BALANCED,DANSKEINVEST-EN24,201,Siemens,Siemens AG,EQUITY,2670.0,136704.0,136704.0,Danske Bank,0,0,0,1,0,1
 2024.12.31,GLOBAL PORTFOLIO SOLUTION - BALANCED,DANSKEINVEST-EN24,202,Leonardo,Leonardo SpA,EQUITY,12834.0,332786.0,332786.0,Danske Bank,0,0,1,0,0,1
 2024.12.31,GLOBAL PORTFOLIO SOLUTION - BALANCED,DANSKEINVEST-EN24,203,FANUC Corp,FANUC Corporation,EQUITY,11200.0,287331.0,287331.0,Danske Bank,0,0,1,0,0,1
 2024.12.31,GLOBAL PORTFOLIO SOLUTION - BALANCED,DANSKEINVEST-EN24,206,CNH Industrial,CNH Industrial NV,EQUITY,10600.0,115981.0,115981.0,Danske Bank,0,0,0,1,0,1
 2024.12.31,GLOBAL PORTFOLIO SOLUTION - BALANCED,DANSKEINVEST-EN24,208,Volvo Car Corp,Volvo Car Corporation,EQUITY,20074.0,473342.0,473342.0,Danske Bank,0,0,1,1,0,1
 2024.12.31,GLOBAL PORTFOLIO SOLUTION - BALANCED,DANSKEINVEST-EN24,210,BP Plc,BP Plc,EQUITY,238856.0,1135329.0,1135329.0,Danske Bank,0,0,1,0,0,1
 2024.12.31,GLOBAL PORTFOLIO SOLUTION - BALANCED,DANSKEINVEST-EN24,211,Airbnb,Airbnb Inc,EQUITY,5000.0,634524.0,634524.0,Danske Bank,1,1,1,1,0,1
 2024.12.31,GLOBAL PORTFOLIO SOLUTION - BALANCED,DANSKEINVEST-EN24,211,Alphabet,Alphabet Inc,EQUITY,120293.0,22054434.0,22054434.0,Danske Bank,0,0,1,0,0,1
 2024.12.31,GLOBAL PORTFOLIO SOLUTION - BALANCED,DANSKEINVEST-EN24,211,Amazon,Amazon.com Inc,EQUITY,103295.0,21884972.0,21884972.0,Danske Bank,0,0,1,0,0,1
 2024.12.31,GLOBAL PORTFOLIO SOLUTION - BALANCED,DANSKEINVEST-EN24,211,Apple,Apple Inc,EQUITY,166300.0,40217136.0,40217136.0,Danske Bank,0,0,0,0,0,1
 2024.12.31,GLOBAL PORTFOLIO SOLUTION - BALANCED,DANSKEINVEST-EN24,212,Blackrock,Blackrock Inc,EQUITY,1800.0,1781939.0,1781939.0,Danske Bank,0,0,0,0,0,1
 2024.12.31,GLOBAL PORTFOLIO SOLUTION - BALANCED,DANSKEINVEST-EN24,212,Booking Holdings,Booking Holdings Inc,EQUITY,395.0,1895245.0,1895245.0,Danske Bank,1,1,1,1,0,1
 2024.12.31,GLOBAL PORTFOLIO SOLUTION - BALANCED,DANSKEINVEST-EN24,212,Caterpillar,Caterpillar Inc,EQUITY,5600.0,1961812.0,1961812.0,Danske Bank,0,0,1,1,0,1
 2024.12.31,GLOBAL PORTFOLIO SOLUTION - BALANCED,DANSKEINVEST-EN24,212,Chevron,Chevron Corporation,EQUITY,22400.0,3133188.0,3133188.0,Danske Bank,0,0,1,0,0,1
 2024.12.31,GLOBAL PORTFOLIO SOLUTION - BALANCED,DANSKEINVEST-EN24,213,Cisco Systems,Cisco Systems Inc,EQUITY,47400.0,2709879.0,2709879.0,Danske Bank,0,0,0,1,0,1
 2024.12.31,GLOBAL PORTFOLIO SOLUTION - BALANCED,DANSKEINVEST-EN24,214,Expedia,Expedia Group Inc,EQUITY,1400.0,251919.0,251919.0,Danske Bank,1,1,0,1,0,1
 2024.12.31,GLOBAL PORTFOLIO SOLUTION - BALANCED,DANSKEINVEST-EN24,215,Hewlett Packard Enterprise,Hewlett Packard Enterprise Company,EQUITY,13900.0,286591.0,286591.0,Danske Bank,0,0,1,1,0,1
 2024.12.31,GLOBAL PORTFOLIO SOLUTION - BALANCED,DANSKEINVEST-EN24,215,International Business Machines,International Business Machines Corp.,EQUITY,10300.0,2186624.0,2186624.0,Danske Bank,0,0,1,1,0,1
 2024.12.31,GLOBAL PORTFOLIO SOLUTION - BALANCED,DANSKEINVEST-EN24,217,Microsoft,Microsoft Corp.,EQUITY,77971.0,31738076.0,31738076.0,Danske Bank,0,0,1,0,0,1
 2024.12.31,GLOBAL PORTFOLIO SOLUTION - BALANCED,DANSKEINVEST-EN24,217,Motorola Solutions,Motorola Solutions Inc,EQUITY,1900.0,848128.0,848128.0,Danske Bank,1,1,0,1,0,1
 2024.12.31,GLOBAL PORTFOLIO SOLUTION - BALANCED,DANSKEINVEST-EN24,217,NVIDIA,NVIDIA Corporation,EQUITY,269284.0,34922404.0,34922404.0,Danske Bank,0,0,0,0,0,1
 2024.12.31,GLOBAL PORTFOLIO SOLUTION - BALANCED,DANSKEINVEST-EN24,217,Palantir Technologies,Palantir Technologies Inc,EQUITY,22600.0,1650640.0,1650640.0,Danske Bank,0,0,1,0,0,1
 2024.12.31,GLOBAL PORTFOLIO SOLUTION - DEFENSIVE,DANSKEINVEST-EN24,227,Carlsberg Group,Carlsberg Group AS,EQUITY,183.0,16933.0,16933.0,Danske Bank,0,0,0,1,0,1
 2024.12.31,GLOBAL PORTFOLIO SOLUTION - DEFENSIVE,DANSKEINVEST-EN24,228,Siemens,Siemens AG,EQUITY,580.0,109365.0,109365.0,Danske Bank,0,0,0,1,0,1
 2024.12.31,GLOBAL PORTFOLIO SOLUTION - DEFENSIVE,DANSKEINVEST-EN24,228,Siemens,Siemens AG,EQUITY,283.0,14258.0,14258.0,Danske Bank,0,0,0,1,0,1
 2024.12.31,GLOBAL PORTFOLIO SOLUTION - DEFENSIVE,DANSKEINVEST-EN24,229,Leonardo,Leonardo SpA,EQUITY,1247.0,32335.0,32335.0,Danske Bank,0,0,1,0,0,1
 2024.12.31,GLOBAL PORTFOLIO SOLUTION - DEFENSIVE,DANSKEINVEST-EN24,233,Volvo Car Corp,Volvo Car Corporation,EQUITY,1408.0,33054.0,33054.0,Danske Bank,0,0,1,1,0,1
 2024.12.31,GLOBAL PORTFOLIO SOLUTION - DEFENSIVE,DANSKEINVEST-EN24,233,BP Plc,BP Plc,EQUITY,21043.0,100021.0,100021.0,Danske Bank,0,0,1,0,0,1
 2024.12.31,GLOBAL PORTFOLIO SOLUTION - DEFENSIVE,DANSKEINVEST-EN24,234,Airbnb,Airbnb Inc,EQUITY,500.0,63452.0,63452.0,Danske Bank,1,1,1,1,0,1
 2024.12.31,GLOBAL PORTFOLIO SOLUTION - DEFENSIVE,DANSKEINVEST-EN24,234,Alphabet,Alphabet Inc,EQUITY,9236.0,1693179.0,1693179.0,Danske Bank,0,0,1,0,0,1
 2024.12.31,GLOBAL PORTFOLIO SOLUTION - DEFENSIVE,DANSKEINVEST-EN24,234,Amazon,Amazon.com Inc,EQUITY,7874.0,1668254.0,1668254.0,Danske Bank,0,0,1,0,0,1
 2024.12.31,GLOBAL PORTFOLIO SOLUTION - DEFENSIVE,DANSKEINVEST-EN24,234,Apple,Apple Inc,EQUITY,12600.0,3047119.0,3047119.0,Danske Bank,0,0,0,0,0,1
 2024.12.31,GLOBAL PORTFOLIO SOLUTION - DEFENSIVE,DANSKEINVEST-EN24,235,Blackrock,Blackrock Inc,EQUITY,142.0,140575.0,140575.0,Danske Bank,0,0,0,0,0,1
 2024.12.31,GLOBAL PORTFOLIO SOLUTION - DEFENSIVE,DANSKEINVEST-EN24,235,Booking Holdings,Booking Holdings Inc,EQUITY,25.0,119952.0,119952.0,Danske Bank,1,1,1,1,0,1
 2024.12.31,GLOBAL PORTFOLIO SOLUTION - DEFENSIVE,DANSKEINVEST-EN24,235,Caterpillar,Caterpillar Inc,EQUITY,500.0,175162.0,175162.0,Danske Bank,0,0,1,1,0,1
 2024.12.31,GLOBAL PORTFOLIO SOLUTION - DEFENSIVE,DANSKEINVEST-EN24,235,Chevron,Chevron Corporation,EQUITY,1563.0,218624.0,218624.0,Danske Bank,0,0,1,0,0,1
 2024.12.31,GLOBAL PORTFOLIO SOLUTION - DEFENSIVE,DANSKEINVEST-EN24,236,Cisco Systems,Cisco Systems Inc,EQUITY,3200.0,182945.0,182945.0,Danske Bank,0,0,0,1,0,1
 2024.12.31,GLOBAL PORTFOLIO SOLUTION - DEFENSIVE,DANSKEINVEST-EN24,237,Expedia,Expedia Group Inc,EQUITY,200.0,35988.0,35988.0,Danske Bank,1,1,0,1,0,1
 2024.12.31,GLOBAL PORTFOLIO SOLUTION - DEFENSIVE,DANSKEINVEST-EN24,238,Hewlett Packard Enterprise,Hewlett Packard Enterprise Company,EQUITY,1700.0,35051.0,35051.0,Danske Bank,0,0,1,1,0,1
 2024.12.31,GLOBAL PORTFOLIO SOLUTION - DEFENSIVE,DANSKEINVEST-EN24,238,International Business Machines,International Business Machines Corp.,EQUITY,700.0,148605.0,148605.0,Danske Bank,0,0,1,1,0,1
 2024.12.31,GLOBAL PORTFOLIO SOLUTION - DEFENSIVE,DANSKEINVEST-EN24,239,Microsoft,Microsoft Corp.,EQUITY,5954.0,2423574.0,2423574.0,Danske Bank,0,0,1,0,0,1
 2024.12.31,GLOBAL PORTFOLIO SOLUTION - DEFENSIVE,DANSKEINVEST-EN24,239,Motorola Solutions,Motorola Solutions Inc,EQUITY,200.0,89277.0,89277.0,Danske Bank,1,1,0,1,0,1
 2024.12.31,GLOBAL PORTFOLIO SOLUTION - DEFENSIVE,DANSKEINVEST-EN24,239,NVIDIA,NVIDIA Corporation,EQUITY,20624.0,2674647.0,2674647.0,Danske Bank,0,0,0,0,0,1
 2024.12.31,GLOBAL PORTFOLIO SOLUTION - DEFENSIVE,DANSKEINVEST-EN24,240,Palantir Technologies,Palantir Technologies Inc,EQUITY,1500.0,109556.0,109556.0,Danske Bank,0,0,1,0,0,1
 2024.12.31,GLOBAL PORTFOLIO SOLUTION - OPPORTUNITY,DANSKEINVEST-EN24,252,Carlsberg Group,Carlsberg Group AS,EQUITY,408.0,37751.0,37751.0,Danske Bank,0,0,0,1,0,1
 2024.12.31,GLOBAL PORTFOLIO SOLUTION - OPPORTUNITY,DANSKEINVEST-EN24,253,Carrefour,Carrefour SA,EQUITY,1526.0,20952.0,20952.0,Danske Bank,0,0,0,1,0,1
 2024.12.31,GLOBAL PORTFOLIO SOLUTION - OPPORTUNITY,DANSKEINVEST-EN24,254,Heidelberg Materials,Heidelberg Materials AG,EQUITY,309.0,36864.0,36864.0,Danske Bank,1,0,1,1,0,1
 2024.12.31,GLOBAL PORTFOLIO SOLUTION - OPPORTUNITY,DANSKEINVEST-EN24,254,Siemens,Siemens AG,EQUITY,3142.0,592456.0,592456.0,Danske Bank,0,0,0,1,0,1
 2024.12.31,GLOBAL PORTFOLIO SOLUTION - OPPORTUNITY,DANSKEINVEST-EN24,254,Siemens,Siemens AG,EQUITY,2566.0,129275.0,129275.0,Danske Bank,0,0,0,1,0,1
 2024.12.31,GLOBAL PORTFOLIO SOLUTION - OPPORTUNITY,DANSKEINVEST-EN24,254,Siemens,Siemens AG,EQUITY,996.0,50995.0,50995.0,Danske Bank,0,0,0,1,0,1
 2024.12.31,GLOBAL PORTFOLIO SOLUTION - OPPORTUNITY,DANSKEINVEST-EN24,256,Leonardo,Leonardo SpA,EQUITY,4036.0,104653.0,104653.0,Danske Bank,0,0,1,0,0,1
 2024.12.31,GLOBAL PORTFOLIO SOLUTION - OPPORTUNITY,DANSKEINVEST-EN24,256,FANUC Corp,FANUC Corporation,EQUITY,3900.0,100053.0,100053.0,Danske Bank,0,0,1,0,0,1
 2024.12.31,GLOBAL PORTFOLIO SOLUTION - OPPORTUNITY,DANSKEINVEST-EN24,259,CNH Industrial,CNH Industrial NV,EQUITY,3100.0,33919.0,33919.0,Danske Bank,0,0,0,1,0,1
 2024.12.31,GLOBAL PORTFOLIO SOLUTION - OPPORTUNITY,DANSKEINVEST-EN24,261,Volvo Car Corp,Volvo Car Corporation,EQUITY,7497.0,176886.0,176886.0,Danske Bank,0,0,1,1,0,1
 2024.12.31,GLOBAL PORTFOLIO SOLUTION - OPPORTUNITY,DANSKEINVEST-EN24,262,BP Plc,BP Plc,EQUITY,83831.0,398465.0,398465.0,Danske Bank,0,0,1,0,0,1
 2024.12.31,GLOBAL PORTFOLIO SOLUTION - OPPORTUNITY,DANSKEINVEST-EN24,264,Airbnb,Airbnb Inc,EQUITY,1800.0,228429.0,228429.0,Danske Bank,1,1,1,1,0,1
 2024.12.31,GLOBAL PORTFOLIO SOLUTION - OPPORTUNITY,DANSKEINVEST-EN24,264,Alphabet,Alphabet Inc,EQUITY,43431.0,7962773.0,7962773.0,Danske Bank,0,0,1,0,0,1
 2024.12.31,GLOBAL PORTFOLIO SOLUTION - OPPORTUNITY,DANSKEINVEST-EN24,264,Amazon,Amazon.com Inc,EQUITY,37536.0,7952702.0,7952702.0,Danske Bank,0,0,1,0,0,1
 2024.12.31,GLOBAL PORTFOLIO SOLUTION - OPPORTUNITY,DANSKEINVEST-EN24,264,Apple,Apple Inc,EQUITY,60100.0,14534275.0,14534275.0,Danske Bank,0,0,0,0,0,1
 2024.12.31,GLOBAL PORTFOLIO SOLUTION - OPPORTUNITY,DANSKEINVEST-EN24,265,Blackrock,Blackrock Inc,EQUITY,645.0,638528.0,638528.0,Danske Bank,0,0,0,0,0,1
 2024.12.31,GLOBAL PORTFOLIO SOLUTION - OPPORTUNITY,DANSKEINVEST-EN24,265,Booking Holdings,Booking Holdings Inc,EQUITY,144.0,690925.0,690925.0,Danske Bank,1,1,1,1,0,1
 2024.12.31,GLOBAL PORTFOLIO SOLUTION - OPPORTUNITY,DANSKEINVEST-EN24,265,Caterpillar,Caterpillar Inc,EQUITY,2000.0,700647.0,700647.0,Danske Bank,0,0,1,1,0,1
 2024.12.31,GLOBAL PORTFOLIO SOLUTION - OPPORTUNITY,DANSKEINVEST-EN24,265,Chevron,Chevron Corporation,EQUITY,8129.0,1137039.0,1137039.0,Danske Bank,0,0,1,0,0,1
 2024.12.31,GLOBAL PORTFOLIO SOLUTION - OPPORTUNITY,DANSKEINVEST-EN24,265,Cisco Systems,Cisco Systems Inc,EQUITY,17200.0,983332.0,983332.0,Danske Bank,0,0,0,1,0,1
 2024.12.31,GLOBAL PORTFOLIO SOLUTION - OPPORTUNITY,DANSKEINVEST-EN24,267,Expedia,Expedia Group Inc,EQUITY,500.0,89971.0,89971.0,Danske Bank,1,1,0,1,0,1
 2024.12.31,GLOBAL PORTFOLIO SOLUTION - OPPORTUNITY,DANSKEINVEST-EN24,268,Hewlett Packard Enterprise,Hewlett Packard Enterprise Company,EQUITY,5300.0,109276.0,109276.0,Danske Bank,0,0,1,1,0,1
 2024.12.31,GLOBAL PORTFOLIO SOLUTION - OPPORTUNITY,DANSKEINVEST-EN24,268,International Business Machines,International Business Machines Corp.,EQUITY,3700.0,785486.0,785486.0,Danske Bank,0,0,1,1,0,1
 2024.12.31,GLOBAL PORTFOLIO SOLUTION - OPPORTUNITY,DANSKEINVEST-EN24,269,Microsoft,Microsoft Corp.,EQUITY,28255.0,11501190.0,11501190.0,Danske Bank,0,0,1,0,0,1
 2024.12.31,GLOBAL PORTFOLIO SOLUTION - OPPORTUNITY,DANSKEINVEST-EN24,270,Motorola Solutions,Motorola Solutions Inc,EQUITY,700.0,312468.0,312468.0,Danske Bank,1,1,0,1,0,1
 2024.12.31,GLOBAL PORTFOLIO SOLUTION - OPPORTUNITY,DANSKEINVEST-EN24,270,NVIDIA,NVIDIA Corporation,EQUITY,97302.0,12618721.0,12618721.0,Danske Bank,0,0,0,0,0,1
 2024.12.31,GLOBAL PORTFOLIO SOLUTION - OPPORTUNITY,DANSKEINVEST-EN24,270,Palantir Technologies,Palantir Technologies Inc,EQUITY,8000.0,584297.0,584297.0,Danske Bank,0,0,1,0,0,1
 2024.12.31,GLOBAL SUSTAINABLE FUTURE,DANSKEINVEST-EN24,279,Siemens,Siemens AG,EQUITY,23722.0,4473020.0,4473020.0,Danske Bank,0,0,0,1,0,1
 2024.12.31,GLOBAL SUSTAINABLE FUTURE,DANSKEINVEST-EN24,280,Alphabet,Alphabet Inc,EQUITY,149114.0,27371082.0,27371082.0,Danske Bank,0,0,1,0,0,1
 2024.12.31,GLOBAL SUSTAINABLE FUTURE,DANSKEINVEST-EN24,280,Microsoft,Microsoft Corp.,EQUITY,108899.0,44405204.0,44405204.0,Danske Bank,0,0,1,0,0,1
 2024.12.31,GLOBAL SUSTAINABLE FUTURE,DANSKEINVEST-EN24,280,NVIDIA,NVIDIA Corporation,EQUITY,155265.0,20489884.0,20489884.0,Danske Bank,0,0,0,0,0,1
 2024.12.31,INDIA,DANSKEINVEST-EN24,285,Siemens,Siemens AG,EQUITY,19339.0,1489491.0,1433719.32,Danske Bank,0,0,0,1,0,1
 2024.12.31,NORDIC CORPORATE BOND,DANSKEINVEST-EN24,293,Volvo Car Corp,Volvo Car Corporation,BOND,178000.0,184397.0,184397.0,Danske Bank,0,0,1,1,0,1
 2024.12.31,NORDIC CORPORATE BOND,DANSKEINVEST-EN24,293,Volvo Car Corp,Volvo Car Corporation,BOND,350000.0,350896.0,350896.0,Danske Bank,0,0,1,1,0,1
 2024.12.31,SVERIGE,DANSKEINVEST-EN24,298,Volvo Car Corp,Volvo Car Corporation,EQUITY,450000.0,120870000.0,10548040.84,Danske Bank,0,0,1,1,0,1
 2024.12.31,SVERIGE BETA,DANSKEINVEST-EN24,301,Volvo Car Corp,Volvo Car Corporation,EQUITY,401795.0,107922136.0,9418111.18,Danske Bank,0,0,1,1,0,1
 2024.12.31,SVERIGE BETA,DANSKEINVEST-EN24,301,Volvo Car Corp,Volvo Car Corporation,EQUITY,164771.0,3951209.0,344812.72,Danske Bank,0,0,1,1,0,1
 2024.12.31,EUROLAND EQUITY,AMUNDI-EN24,13,Siemens,Siemens AG,EQUITY,207406190.0,1099948.0,1099948.0,Unicredit,0,0,0,1,0,1
 2024.12.31,EUROPEAN EQUITY ESG IMPROVERS,AMUNDI-EN24,14,Siemens,Siemens AG,EQUITY,9063891.0,48069.0,48069.0,Unicredit,0,0,0,1,0,1
 2024.12.31,EUROPE EX UK EQUITY,AMUNDI-EN24,16,Siemens,Siemens AG,EQUITY,32858654.0,174261.0,174261.0,Unicredit,0,0,0,1,0,1
 2024.12.31,EUROPEAN EQUITY,AMUNDI-EN24,17,Siemens,Siemens AG,EQUITY,3514759.0,18640.0,18640.0,Unicredit,0,0,0,1,0,1
 2024.12.31,EUROPEAN EQUITY,AMUNDI-EN24,17,Siemens,Siemens AG,EQUITY,733281.0,14555.0,14555.0,Unicredit,0,0,0,1,0,1
 2024.12.31,EUROPEAN EQUITY VALUE,AMUNDI-EN24,19,Siemens,Siemens AG,EQUITY,50557460.0,268124.0,268124.0,Unicredit,0,0,0,1,0,1
 2024.12.31,EUROPEAN EQUITY VALUE,AMUNDI-EN24,19,CNH Industrial,CNH Industrial NV,EQUITY,45307652.0,4197096.0,4197096.0,Unicredit,0,0,0,1,0,1
 2024.12.31,EUROPEAN EQUITY VALUE,AMUNDI-EN24,19,Volvo Car Corp,Volvo Car Corporation,EQUITY,49726460.0,2118188.0,2118188.0,Unicredit,0,0,1,1,0,1
 2024.12.31,EUROPEAN EQUITY INCOME ESG,AMUNDI-EN24,20,Siemens,Siemens AG,EQUITY,27966466.0,148316.0,148316.0,Unicredit,0,0,0,1,0,1
 2024.12.31,EUROPEAN EQUITY SMALL CAP,AMUNDI-EN24,21,Carlsberg Group,Carlsberg Group AS,EQUITY,2037248.0,44755.0,44755.0,Unicredit,0,0,0,1,0,1
 2024.12.31,GLOBAL ECOLOGY ESG,AMUNDI-EN24,22,Siemens,Siemens AG,EQUITY,34120308.0,180952.0,180952.0,Unicredit,0,0,0,1,0,1
 2024.12.31,GLOBAL ECOLOGY ESG,AMUNDI-EN24,22,Siemens,Siemens AG,EQUITY,67869310.0,1347148.0,1347148.0,Unicredit,0,0,0,1,0,1
 2024.12.31,GLOBAL ECOLOGY ESG,AMUNDI-EN24,22,Microsoft,Microsoft Corp.,EQUITY,64189300.0,157694.0,157694.0,Unicredit,0,0,1,0,0,1
 2024.12.31,GLOBAL EQUITY,AMUNDI-EN24,23,Alphabet,Alphabet Inc,EQUITY,110688490.0,605483.0,605483.0,Unicredit,0,0,1,0,0,1
 2024.12.31,GLOBAL EQUITY,AMUNDI-EN24,23,Amazon,Amazon.com Inc,EQUITY,81119850.0,382878.0,382878.0,Unicredit,0,0,1,0,0,1
 2024.12.31,GLOBAL EQUITY,AMUNDI-EN24,23,Cisco Systems,Cisco Systems Inc,EQUITY,88668620.0,1550952.0,1550952.0,Unicredit,0,0,0,1,0,1
 2024.12.31,GLOBAL EQUITY ESG IMPROVERS,AMUNDI-EN24,24,Alphabet,Alphabet Inc,EQUITY,11909431.0,62913.0,60557.32,Unicredit,0,0,1,0,0,1
 2024.12.31,GLOBAL EQUITY ESG IMPROVERS,AMUNDI-EN24,24,Apple,Apple Inc,EQUITY,15933223.0,63626.0,61243.62,Unicredit,0,0,0,0,0,1
 2024.12.31,GLOBAL EQUITY ESG IMPROVERS,AMUNDI-EN24,24,Microsoft,Microsoft Corp.,EQUITY,21544128.0,51113.0,49199.15,Unicredit,0,0,1,0,0,1
 2024.12.31,GLOBAL EQUITY ESG IMPROVERS,AMUNDI-EN24,24,NVIDIA,NVIDIA Corporation,EQUITY,16103250.0,119914.0,115424.01,Unicredit,0,0,0,0,0,1
 2024.12.31,GLOBAL EQUITY INCOME ESG,AMUNDI-EN24,25,Siemens,Siemens AG,EQUITY,54636916.0,279825.0,269347.39,Unicredit,0,0,0,1,0,1
 2024.12.31,GLOBAL EQUITY INCOME ESG,AMUNDI-EN24,25,Cisco Systems,Cisco Systems Inc,EQUITY,64891190.0,1096135.0,1055091.92,Unicredit,0,0,0,1,0,1
 2024.12.31,GLOBAL EQUITY INCOME ESG,AMUNDI-EN24,25,Microsoft,Microsoft Corp.,EQUITY,169903280.0,403092.0,387998.84,Unicredit,0,0,1,0,0,1
 2024.12.31,JAPAN EQUITY VALUE,AMUNDI-EN24,27,FANUC Corp,FANUC Corporation,EQUITY,158650000.0,38000.0,233.04,Unicredit,0,0,1,0,0,1
 2024.12.31,NET ZERO AMBITION GLOBAL EQUITY,AMUNDI-EN24,31,Volvo Car Corp,Volvo Car Corporation,EQUITY,283350.0,11656.0,11219.56,Unicredit,0,0,1,1,0,1
 2024.12.31,NET ZERO AMBITION GLOBAL EQUITY,AMUNDI-EN24,31,Cisco Systems,Cisco Systems Inc,EQUITY,511310.0,8637.0,8313.6,Unicredit,0,0,0,1,0,1
 2024.12.31,NET ZERO AMBITION GLOBAL EQUITY,AMUNDI-EN24,31,Microsoft,Microsoft Corp.,EQUITY,1443216.0,3424.0,3295.79,Unicredit,0,0,1,0,0,1
 2024.12.31,NET ZERO AMBITION GLOBAL EQUITY,AMUNDI-EN24,31,NVIDIA,NVIDIA Corporation,EQUITY,1101984.0,8206.0,7898.74,Unicredit,0,0,0,0,0,1
 2024.12.31,NET ZERO AMBITION TOP EUROPEAN PLAYERS,AMUNDI-EN24,32,Siemens,Siemens AG,EQUITY,17281900.0,91652.0,91652.0,Unicredit,0,0,0,1,0,1
 2024.12.31,POLEN CAPITAL GLOBAL GROWTH,AMUNDI-EN24,33,Siemens,Siemens AG,EQUITY,15178091.0,286284.0,275564.54,Unicredit,0,0,0,1,0,1
 2024.12.31,POLEN CAPITAL GLOBAL GROWTH,AMUNDI-EN24,33,Airbnb,Airbnb Inc,EQUITY,5986777.0,45558.0,43852.15,Unicredit,1,1,1,1,0,1
 2024.12.31,POLEN CAPITAL GLOBAL GROWTH,AMUNDI-EN24,33,Alphabet,Alphabet Inc,EQUITY,36549624.0,191922.0,184735.78,Unicredit,0,0,1,0,0,1
 2024.12.31,POLEN CAPITAL GLOBAL GROWTH,AMUNDI-EN24,33,Amazon,Amazon.com Inc,EQUITY,56879930.0,259264.0,249556.26,Unicredit,0,0,1,0,0,1
 2024.12.31,POLEN CAPITAL GLOBAL GROWTH,AMUNDI-EN24,33,Microsoft,Microsoft Corp.,EQUITY,35715804.0,84735.0,81562.23,Unicredit,0,0,1,0,0,1
 2024.12.31,US EQUITY DIVIDEND GROWTH,AMUNDI-EN24,34,Chevron,Chevron Corporation,EQUITY,7989440.0,55130.0,53065.74,Unicredit,0,0,1,0,0,1
 2024.12.31,US EQUITY DIVIDEND GROWTH,AMUNDI-EN24,35,Cisco Systems,Cisco Systems Inc,EQUITY,9075538.0,153303.0,147562.81,Unicredit,0,0,0,1,0,1
 2024.12.31,US EQUITY ESG IMPROVERS,AMUNDI-EN24,36,Booking Holdings,Booking Holdings Inc,EQUITY,3249346.0,654.0,629.51,Unicredit,1,1,1,1,0,1
 2024.12.31,US EQUITY ESG IMPROVERS,AMUNDI-EN24,36,NVIDIA,NVIDIA Corporation,EQUITY,1226202.0,9131.0,8789.1,Unicredit,0,0,0,0,0,1
 2024.12.31,US EQUITY ESG IMPROVERS,AMUNDI-EN24,36,Cisco Systems,Cisco Systems Inc,EQUITY,10372018.0,175203.0,168642.8,Unicredit,0,0,0,1,0,1
 2024.12.31,US EQUITY FUNDAMENTAL GROWTH,AMUNDI-EN24,37,Booking Holdings,Booking Holdings Inc,EQUITY,94800620.0,19758.0,19758.0,Unicredit,1,1,1,1,0,1
 2024.12.31,US EQUITY FUNDAMENTAL GROWTH,AMUNDI-EN24,37,Amazon,Amazon.com Inc,EQUITY,277528450.0,1309908.0,1309908.0,Unicredit,0,0,1,0,0,1
 2024.12.31,US EQUITY FUNDAMENTAL GROWTH,AMUNDI-EN24,37,Alphabet,Alphabet Inc,EQUITY,138649330.0,753893.0,753893.0,Unicredit,0,0,1,0,0,1
 2024.12.31,US EQUITY FUNDAMENTAL GROWTH,AMUNDI-EN24,37,Microsoft,Microsoft Corp.,EQUITY,252383040.0,620030.0,620030.0,Unicredit,0,0,1,0,0,1
 2024.12.31,US EQUITY FUNDAMENTAL GROWTH,AMUNDI-EN24,37,Apple,Apple Inc,EQUITY,200689570.0,829862.0,829862.0,Unicredit,0,0,0,0,0,1
 2024.12.31,US EQUITY FUNDAMENTAL GROWTH,AMUNDI-EN24,37,NVIDIA,NVIDIA Corporation,EQUITY,84369784.0,650569.0,650569.0,Unicredit,0,0,0,0,0,1
 2024.12.31,US EQUITY FUNDAMENTAL GROWTH,AMUNDI-EN24,37,Motorola Solutions,Motorola Solutions Inc,EQUITY,92904440.0,208046.0,208046.0,Unicredit,1,1,0,1,0,1
 2024.12.31,US EQUITY RESEARCH,AMUNDI-EN24,38,Amazon,Amazon.com Inc,EQUITY,21480092.0,101384.0,101384.0,Unicredit,0,0,1,0,0,1
 2024.12.31,US EQUITY RESEARCH,AMUNDI-EN24,38,Alphabet,Alphabet Inc,EQUITY,23387096.0,127931.0,127931.0,Unicredit,0,0,1,0,0,1
 2024.12.31,US EQUITY RESEARCH,AMUNDI-EN24,38,Microsoft,Microsoft Corp.,EQUITY,18263508.0,44868.0,44868.0,Unicredit,0,0,1,0,0,1
 2024.12.31,US EQUITY RESEARCH,AMUNDI-EN24,38,Cisco Systems,Cisco Systems Inc,EQUITY,13633780.0,238476.0,238476.0,Unicredit,0,0,0,1,0,1
 2024.12.31,US EQUITY RESEARCH VALUE,AMUNDI-EN24,39,Cisco Systems,Cisco Systems Inc,EQUITY,32948588.0,576322.0,576322.0,Unicredit,0,0,0,1,0,1
 2024.12.31,US PIONEER FUND,AMUNDI-EN24,40,Amazon,Amazon.com Inc,EQUITY,195885500.0,924561.0,924561.0,Unicredit,0,0,1,0,0,1
 2024.12.31,US PIONEER FUND,AMUNDI-EN24,40,Alphabet,Alphabet Inc,EQUITY,204059730.0,1116238.0,1116238.0,Unicredit,0,0,1,0,0,1
 2024.12.31,US PIONEER FUND,AMUNDI-EN24,40,Microsoft,Microsoft Corp.,EQUITY,277571300.0,681910.0,681910.0,Unicredit,0,0,1,0,0,1
 2024.12.31,US PIONEER FUND,AMUNDI-EN24,40,Apple,Apple Inc,EQUITY,327612960.0,1354697.0,1354697.0,Unicredit,0,0,0,0,0,1
 2024.12.31,US PIONEER FUND,AMUNDI-EN24,40,NVIDIA,NVIDIA Corporation,EQUITY,341559200.0,2633737.0,2633737.0,Unicredit,0,0,0,0,0,1
 2024.12.31,ASIA EQUITY FOCUS,AMUNDI-EN24,42,HD Hyundai,HD Hyundai Co. Ltd,EQUITY,990564.0,6166.0,5935.12,Unicredit,0,0,1,1,0,1
 2024.12.31,ASIA EQUITY FOCUS,AMUNDI-EN24,42,HD Hyundai,HD Hyundai Co. Ltd,EQUITY,652208.0,4529.0,4359.42,Unicredit,0,0,1,1,0,1
 2024.12.31,ASIA EQUITY FOCUS,AMUNDI-EN24,42,HD Hyundai,HD Hyundai Co. Ltd,EQUITY,570211.0,5381.0,5179.52,Unicredit,0,0,1,1,0,1
 2024.12.31,EMERGING MARKETS EQUITY ESG IMPROVERS,AMUNDI-EN24,50,Petróleo Brasileiro,Petróleo Brasileiro SA,EQUITY,2576345.0,439800.0,423332.37,Unicredit,0,0,1,0,0,1
 2024.12.31,EMERGING MARKETS EQUITY ESG IMPROVERS,AMUNDI-EN24,50,Orbia Corp.,Orbia Advance Corporation SAB de CV,EQUITY,536876.0,745700.0,717778.42,Unicredit,0,0,1,1,0,1
 2024.12.31,EMERGING MARKETS EQUITY ESG IMPROVERS,AMUNDI-EN24,51,HD Hyundai,HD Hyundai Co. Ltd,EQUITY,1737301.0,12064.0,11612.28,Unicredit,0,0,1,1,0,1
 2024.12.31,EMERGING MARKETS EQUITY FOCUS,AMUNDI-EN24,52,Petróleo Brasileiro,Petróleo Brasileiro SA,EQUITY,18645402.0,3182900.0,3063721.24,Unicredit,0,0,1,0,0,1
 2024.12.31,EMERGING MARKETS EQUITY FOCUS,AMUNDI-EN24,52,Carlsberg Group,Carlsberg Group AS,EQUITY,14761391.0,154066.0,148297.24,Unicredit,0,0,0,1,0,1
 2024.12.31,EMERGING MARKETS EQUITY FOCUS,AMUNDI-EN24,53,HD Hyundai,HD Hyundai Co. Ltd,EQUITY,12265581.0,76350.0,73491.19,Unicredit,0,0,1,1,0,1
 2024.12.31,EMERGING MARKETS EQUITY FOCUS EX CHINA,AMUNDI-EN24,55,Petróleo Brasileiro,Petróleo Brasileiro SA,EQUITY,479193.0,75118.0,72305.32,Unicredit,0,0,1,0,0,1
 2024.12.31,EMERGING MARKETS EQUITY FOCUS EX CHINA,AMUNDI-EN24,55,HD Hyundai,HD Hyundai Co. Ltd,EQUITY,280333.0,1745.0,1679.66,Unicredit,0,0,1,1,0,1
 2024.12.31,EMERGING MARKETS EQUITY FOCUS EX CHINA,AMUNDI-EN24,55,HD Hyundai,HD Hyundai Co. Ltd,EQUITY,172939.0,1632.0,1570.89,Unicredit,0,0,1,1,0,1
 2024.12.31,EMERGING MARKETS EQUITY FOCUS EX CHINA,AMUNDI-EN24,55,HD Hyundai,HD Hyundai Co. Ltd,EQUITY,116709.0,3457.0,3327.56,Unicredit,0,0,1,1,0,1
 2024.12.31,EMERGING WORLD EQUITY,AMUNDI-EN24,57,Petróleo Brasileiro,Petróleo Brasileiro SA,EQUITY,317047.0,49700.0,47839.06,Unicredit,0,0,1,0,0,1
 2024.12.31,EMERGING WORLD EQUITY,AMUNDI-EN24,57,Petróleo Brasileiro,Petróleo Brasileiro SA,EQUITY,3958831.0,675800.0,650495.72,Unicredit,0,0,1,0,0,1
 2024.12.31,EMERGING WORLD EQUITY,AMUNDI-EN24,57,Petróleo Brasileiro,Petróleo Brasileiro SA,EQUITY,1686017.0,142641.0,137300.03,Unicredit,0,0,1,0,0,1
 2024.12.31,EMERGING WORLD EQUITY,AMUNDI-EN24,59,HD Hyundai,HD Hyundai Co. Ltd,EQUITY,4652406.0,28960.0,27875.64,Unicredit,0,0,1,1,0,1
 2024.12.31,EMERGING WORLD EQUITY,AMUNDI-EN24,59,HD Hyundai,HD Hyundai Co. Ltd,EQUITY,557389.0,5260.0,5063.05,Unicredit,0,0,1,1,0,1
 2024.12.31,LATIN AMERICA EQUITY,AMUNDI-EN24,62,Petróleo Brasileiro,Petróleo Brasileiro SA,EQUITY,1369013.0,233700.0,224949.47,Unicredit,0,0,1,0,0,1
 2024.12.31,LATIN AMERICA EQUITY,AMUNDI-EN24,62,Petróleo Brasileiro,Petróleo Brasileiro SA,EQUITY,4754785.0,402266.0,387203.77,Unicredit,0,0,1,0,0,1
 2024.12.31,NET ZERO AMBITION EMERGING MARKETS EQUITY,AMUNDI-EN24,65,HD Hyundai,HD Hyundai Co. Ltd,EQUITY,144752.0,1366.0,1314.85,Unicredit,0,0,1,1,0,1
 2024.12.31,NEW SILK ROAD,AMUNDI-EN24,66,Petróleo Brasileiro,Petróleo Brasileiro SA,EQUITY,2098334.0,358200.0,344787.76,Unicredit,0,0,1,0,0,1
 2024.12.31,NEW SILK ROAD,AMUNDI-EN24,67,HD Hyundai,HD Hyundai Co. Ltd,EQUITY,1081813.0,6734.0,6481.86,Unicredit,0,0,1,1,0,1
 2024.12.31,EUROLAND EQUITY DYNAMIC MULTI FACTORS,AMUNDI-EN24,71,Carlsberg Group,Carlsberg Group AS,EQUITY,611925.0,13443.0,13443.0,Unicredit,0,0,0,1,0,1
 2024.12.31,EUROLAND EQUITY DYNAMIC MULTI FACTORS,AMUNDI-EN24,71,Heidelberg Materials,Heidelberg Materials AG,EQUITY,6154091.0,51585.0,51585.0,Unicredit,1,0,1,1,0,1
 2024.12.31,EUROLAND EQUITY DYNAMIC MULTI FACTORS,AMUNDI-EN24,71,Siemens,Siemens AG,EQUITY,19513696.0,103488.0,103488.0,Unicredit,0,0,0,1,0,1
 2024.12.31,EUROLAND EQUITY DYNAMIC MULTI FACTORS,AMUNDI-EN24,71,Siemens,Siemens AG,EQUITY,2277680.0,45210.0,45210.0,Unicredit,0,0,0,1,0,1
 2024.12.31,EUROLAND EQUITY RISK PARITY,AMUNDI-EN24,73,Carrefour,Carrefour SA,EQUITY,1097329.0,79922.0,79922.0,Unicredit,0,0,0,1,0,1
 2024.12.31,EUROLAND EQUITY RISK PARITY,AMUNDI-EN24,74,Carlsberg Group,Carlsberg Group AS,EQUITY,518655.0,11394.0,11394.0,Unicredit,0,0,0,1,0,1
 2024.12.31,EUROLAND EQUITY RISK PARITY,AMUNDI-EN24,74,Heidelberg Materials,Heidelberg Materials AG,EQUITY,541503.0,4539.0,4539.0,Unicredit,1,0,1,1,0,1
 2024.12.31,EUROLAND EQUITY RISK PARITY,AMUNDI-EN24,74,Siemens,Siemens AG,EQUITY,373726.0,1982.0,1982.0,Unicredit,0,0,0,1,0,1
 2024.12.31,EUROLAND EQUITY RISK PARITY,AMUNDI-EN24,74,Siemens,Siemens AG,EQUITY,231446.0,4594.0,4594.0,Unicredit,0,0,0,1,0,1
 2024.12.31,EUROLAND EQUITY RISK PARITY,AMUNDI-EN24,74,Siemens,Siemens AG,EQUITY,960102.0,18752.0,18752.0,Unicredit,0,0,0,1,0,1
 2024.12.31,EUROLAND EQUITY RISK PARITY,AMUNDI-EN24,74,Leonardo,Leonardo SpA,EQUITY,293398.0,11315.0,11315.0,Unicredit,0,0,1,0,0,1
 2024.12.31,EUROPEAN EQUITY CONSERVATIVE,AMUNDI-EN24,76,Carlsberg Group,Carlsberg Group AS,EQUITY,7235458.0,78198.0,78198.0,Unicredit,0,0,0,1,0,1
 2024.12.31,EUROPEAN EQUITY CONSERVATIVE,AMUNDI-EN24,76,Carrefour,Carrefour SA,EQUITY,2137267.0,155664.0,155664.0,Unicredit,0,0,0,1,0,1
 2024.12.31,EUROPEAN EQUITY CONSERVATIVE,AMUNDI-EN24,76,Siemens,Siemens AG,EQUITY,10119261.0,53666.0,53666.0,Unicredit,0,0,0,1,0,1
 2024.12.31,EUROPEAN EQUITY CONSERVATIVE,AMUNDI-EN24,76,Siemens,Siemens AG,EQUITY,1448243.0,28286.0,28286.0,Unicredit,0,0,0,1,0,1
 2024.12.31,EUROPEAN EQUITY DYNAMIC MULTI FACTORS,AMUNDI-EN24,78,Carrefour,Carrefour SA,EQUITY,594207.0,43278.0,43278.0,Unicredit,0,0,0,1,0,1
 2024.12.31,EUROPEAN EQUITY DYNAMIC MULTI FACTORS,AMUNDI-EN24,78,Heidelberg Materials,Heidelberg Materials AG,EQUITY,1458681.0,12227.0,12227.0,Unicredit,1,0,1,1,0,1
 2024.12.31,EUROPEAN EQUITY DYNAMIC MULTI FACTORS,AMUNDI-EN24,78,Siemens,Siemens AG,EQUITY,1230354.0,6525.0,6525.0,Unicredit,0,0,0,1,0,1
 2024.12.31,EUROPEAN EQUITY DYNAMIC MULTI FACTORS,AMUNDI-EN24,78,Siemens,Siemens AG,EQUITY,239456.0,4753.0,4753.0,Unicredit,0,0,0,1,0,1
 2024.12.31,EUROPEAN EQUITY DYNAMIC MULTI FACTORS,AMUNDI-EN24,79,BP Plc,BP Plc,EQUITY,984401.0,207100.0,207100.0,Unicredit,0,0,1,0,0,1
 2024.12.31,GLOBAL EQUITY CONSERVATIVE,AMUNDI-EN24,80,Siemens,Siemens AG,EQUITY,1911145.0,9788.0,9421.5,Unicredit,0,0,0,1,0,1
 2024.12.31,GLOBAL EQUITY CONSERVATIVE,AMUNDI-EN24,81,Chevron,Chevron Corporation,EQUITY,997774.0,6885.0,6627.2,Unicredit,0,0,1,0,0,1
 2024.12.31,GLOBAL EQUITY CONSERVATIVE,AMUNDI-EN24,81,Cisco Systems,Cisco Systems Inc,EQUITY,2008893.0,33934.0,32663.39,Unicredit,0,0,0,1,0,1
 2024.12.31,GLOBAL EQUITY CONSERVATIVE,AMUNDI-EN24,81,Motorola Solutions,Motorola Solutions Inc,EQUITY,2105353.0,4553.0,4382.52,Unicredit,1,1,0,1,0,1
 2024.12.31,GLOBAL EQUITY DYNAMIC MULTI FACTORS,AMUNDI-EN24,82,Carrefour,Carrefour SA,EQUITY,106830.0,7514.0,7232.65,Unicredit,0,0,0,1,0,1
 2024.12.31,GLOBAL EQUITY DYNAMIC MULTI FACTORS,AMUNDI-EN24,83,Heidelberg Materials,Heidelberg Materials AG,EQUITY,129712.0,1050.0,1010.68,Unicredit,1,0,1,1,0,1
 2024.12.31,GLOBAL EQUITY DYNAMIC MULTI FACTORS,AMUNDI-EN24,83,Siemens,Siemens AG,EQUITY,198378.0,1016.0,977.96,Unicredit,0,0,0,1,0,1
 2024.12.31,GLOBAL EQUITY DYNAMIC MULTI FACTORS,AMUNDI-EN24,84,BP Plc,BP Plc,EQUITY,176823.0,35925.0,34579.84,Unicredit,0,0,1,0,0,1
 2024.12.31,GLOBAL EQUITY DYNAMIC MULTI FACTORS,AMUNDI-EN24,85,Alphabet,Alphabet Inc,EQUITY,2116563.0,11181.0,10762.34,Unicredit,0,0,1,0,0,1
 2024.12.31,GLOBAL EQUITY DYNAMIC MULTI FACTORS,AMUNDI-EN24,85,Alphabet,Alphabet Inc,EQUITY,1292326.0,6786.0,6531.91,Unicredit,0,0,1,0,0,1
 2024.12.31,GLOBAL EQUITY DYNAMIC MULTI FACTORS,AMUNDI-EN24,85,Amazon,Amazon.com Inc,EQUITY,4712936.0,21482.0,20677.64,Unicredit,0,0,1,0,0,1
 2024.12.31,GLOBAL EQUITY DYNAMIC MULTI FACTORS,AMUNDI-EN24,85,Apple,Apple Inc,EQUITY,5211491.0,20811.0,20031.76,Unicredit,0,0,0,0,0,1
 2024.12.31,GLOBAL EQUITY DYNAMIC MULTI FACTORS,AMUNDI-EN24,85,Blackrock,Blackrock Inc,EQUITY,1169651.0,1141.0,1098.28,Unicredit,0,0,0,0,0,1
 2024.12.31,GLOBAL EQUITY DYNAMIC MULTI FACTORS,AMUNDI-EN24,85,Chevron,Chevron Corporation,EQUITY,329511.0,2275.0,2189.82,Unicredit,0,0,1,0,0,1
 2024.12.31,GLOBAL EQUITY DYNAMIC MULTI FACTORS,AMUNDI-EN24,85,Hewlett Packard Enterprise,Hewlett Packard Enterprise Company,EQUITY,947406.0,44375.0,42713.45,Unicredit,0,0,1,1,0,1
 2024.12.31,GLOBAL EQUITY DYNAMIC MULTI FACTORS,AMUNDI-EN24,85,Microsoft,Microsoft Corp.,EQUITY,5531766.0,13124.0,12632.59,Unicredit,0,0,1,0,0,1
 2024.12.31,GLOBAL EQUITY DYNAMIC MULTI FACTORS,AMUNDI-EN24,85,Motorola Solutions,Motorola Solutions Inc,EQUITY,91522.0,198.0,190.59,Unicredit,1,1,0,1,0,1
 2024.12.31,GLOBAL EQUITY DYNAMIC MULTI FACTORS,AMUNDI-EN24,85,NVIDIA,NVIDIA Corporation,EQUITY,5502800.0,40977.0,39442.68,Unicredit,0,0,0,0,0,1
 2024.12.31,EURO AGGREGATE BOND,AMUNDI-EN24,91,The Caisse de dépôt et placement du Québec,The Caisse de dépôt et placement du Québec,BOND,1195056.0,1200000.0,1200000.0,Unicredit,0,0,1,0,0,1
 2024.12.31,EURO AGGREGATE BOND,AMUNDI-EN24,91,The Caisse de dépôt et placement du Québec,The Caisse de dépôt et placement du Québec,BOND,2926535.0,2900000.0,2900000.0,Unicredit,0,0,1,0,0,1
 2024.12.31,EURO AGGREGATE BOND,AMUNDI-EN24,93,CNH Industrial,CNH Industrial NV,BOND,1120086.0,1100000.0,1100000.0,Unicredit,0,0,0,1,0,1
 2024.12.31,EURO AGGREGATE BOND,AMUNDI-EN24,94,Siemens,Siemens AG,BOND,797624.0,800000.0,800000.0,Unicredit,0,0,0,1,0,1
 2024.12.31,EURO CORPORATE ESG BOND,AMUNDI-EN24,99,CNH Industrial,CNH Industrial NV,BOND,2698389.0,2650000.0,2650000.0,Unicredit,0,0,0,1,0,1
 2024.12.31,EURO CORPORATE ESG BOND,AMUNDI-EN24,99,Siemens,Siemens AG,BOND,2991090.0,3000000.0,3000000.0,Unicredit,0,0,0,1,0,1
 2024.12.31,EURO CORPORATE ESG BOND,AMUNDI-EN24,100,Booking Holdings,Booking Holdings Inc,BOND,4078360.0,4000000.0,4000000.0,Unicredit,1,1,1,1,0,1
 2024.12.31,IMPACT EURO CORPORATE SHORT TERM GREEN BOND,AMUNDI-EN24,106,Volvo Car Corp,Volvo Car Corporation,BOND,827864.0,800000.0,800000.0,Unicredit,0,0,1,1,0,1
 2024.12.31,STRATEGIC BOND,AMUNDI-EN24,107,Altice International,Altice International Sarl,BOND,4347512.0,5200000.0,5200000.0,Unicredit,1,1,0,1,0,1
 2024.12.31,STRATEGIC BOND,AMUNDI-EN24,108,Altice International,Altice International Sarl,BOND,2647410.0,3400000.0,3400000.0,Unicredit,1,1,0,1,0,1
 2024.12.31,STRATEGIC BOND,AMUNDI-EN24,108,Altice International,Altice International Sarl,BOND,1142265.0,1500000.0,1500000.0,Unicredit,1,1,0,1,0,1
 2024.12.31,GLOBAL HIGH YIELD ESG IMPROVERS BOND,AMUNDI-EN24,120,Altice International,Altice International Sarl,BOND,413385.0,550000.0,529406.1,Unicredit,1,1,0,1,0,1
 2024.12.31,GLOBAL HIGH YIELD ESG IMPROVERS BOND,AMUNDI-EN24,121,Volvo Car Corp,Volvo Car Corporation,BOND,217109.0,205000.0,197324.09,Unicredit,0,0,1,1,0,1
 2024.12.31,GLOBAL HIGH YIELD ESG IMPROVERS BOND,AMUNDI-EN24,121,Delek Group,Delek Group Ltd,BOND,109711.0,110000.0,105881.22,Unicredit,1,1,1,1,0,1
 2024.12.31,PIONEER GLOBAL HIGH YIELD BOND,AMUNDI-EN24,126,Altice International,Altice International Sarl,BOND,636944.0,675000.0,675000.0,Unicredit,1,1,0,1,0,1
 2024.12.31,PIONEER GLOBAL HIGH YIELD BOND,AMUNDI-EN24,126,Altice International,Altice International Sarl,BOND,765764.0,1055000.0,1055000.0,Unicredit,1,1,0,1,0,1
 2024.12.31,PIONEER GLOBAL HIGH YIELD BOND,AMUNDI-EN24,127,Altice International,Altice International Sarl,BOND,687109.0,2670000.0,2670000.0,Unicredit,1,1,0,1,0,1
 2024.12.31,PIONEER GLOBAL HIGH YIELD BOND,AMUNDI-EN24,128,Delek Group,Delek Group Ltd,BOND,699648.0,700000.0,700000.0,Unicredit,1,1,1,1,0,1
 2024.12.31,US HIGH YIELD BOND,AMUNDI-EN24,131,Delek Group,Delek Group Ltd,BOND,1054470.0,1055000.0,1055000.0,Unicredit,1,1,1,1,0,1
 2024.12.31,US HIGH YIELD BOND,AMUNDI-EN24,132,Altice International,Altice International Sarl,BOND,594208.0,2309000.0,2309000.0,Unicredit,1,1,0,1,0,1
 2024.12.31,US HIGH YIELD BOND,AMUNDI-EN24,132,Altice International,Altice International Sarl,BOND,373800.0,510000.0,510000.0,Unicredit,1,1,0,1,0,1
 2024.12.31,GLOBAL AGGREGATE BOND,AMUNDI-EN24,136,HD Hyundai,HD Hyundai Co. Ltd,BOND,16508336.0,16997000.0,16360573.68,Unicredit,0,0,1,1,0,1
 2024.12.31,GLOBAL AGGREGATE BOND,AMUNDI-EN24,136,Microsoft,Microsoft Corp.,BOND,5865100.0,10000000.0,9625565.5,Unicredit,0,0,1,0,0,1
 2024.12.31,GLOBAL CORPORATE BOND,AMUNDI-EN24,142,CNH Industrial,CNH Industrial NV,BOND,3349875.0,3348000.0,3222639.33,Unicredit,0,0,0,1,0,1
 2024.12.31,GLOBAL CORPORATE BOND,AMUNDI-EN24,142,HD Hyundai,HD Hyundai Co. Ltd,BOND,3915343.0,3749000.0,3608624.51,Unicredit,0,0,1,1,0,1
 2024.12.31,GLOBAL CORPORATE ESG IMPROVERS BOND,AMUNDI-EN24,145,CNH Industrial,CNH Industrial NV,BOND,800732.0,789000.0,759457.12,Unicredit,0,0,0,1,0,1
 2024.12.31,GLOBAL CORPORATE ESG IMPROVERS BOND,AMUNDI-EN24,146,Microsoft,Microsoft Corp.,BOND,397662.0,600000.0,577533.93,Unicredit,0,0,1,0,0,1
 2024.12.31,GLOBAL HIGH YIELD BOND,AMUNDI-EN24,147,Altice International,Altice International Sarl,BOND,574982.0,765000.0,736355.76,Unicredit,1,1,0,1,0,1
 2024.12.31,GLOBAL HIGH YIELD BOND,AMUNDI-EN24,148,Altice International,Altice International Sarl,BOND,379734.0,1425000.0,1371643.08,Unicredit,1,1,0,1,0,1
 2024.12.31,GLOBAL HIGH YIELD BOND,AMUNDI-EN24,149,Delek Group,Delek Group Ltd,BOND,508659.0,510000.0,490903.84,Unicredit,1,1,1,1,0,1
 2024.12.31,GLOBAL HIGH YIELD BOND,AMUNDI-EN24,149,Delek Group,Delek Group Ltd,BOND,465741.0,450000.0,433150.45,Unicredit,1,1,1,1,0,1
 2024.12.31,GLOBAL SHORT TERM BOND,AMUNDI-EN24,153,HD Hyundai,HD Hyundai Co. Ltd,BOND,1504125.0,1500000.0,1443834.83,Unicredit,0,0,1,1,0,1
 2024.12.31,NET ZERO AMBITION GLOBAL CORPORATE BOND,AMUNDI-EN24,159,CNH Industrial,CNH Industrial NV,BOND,2603610.0,2680000.0,2579651.55,Unicredit,0,0,0,1,0,1
 2024.12.31,NET ZERO AMBITION GLOBAL CORPORATE BOND,AMUNDI-EN24,160,Siemens,Siemens AG,BOND,1781193.0,1700000.0,1636346.14,Unicredit,0,0,0,1,0,1
 2024.12.31,OPTIMAL YIELD,AMUNDI-EN24,163,Altice International,Altice International Sarl,BOND,1129043.0,1450000.0,1450000.0,Unicredit,1,1,0,1,0,1
 2024.12.31,OPTIMAL YIELD,AMUNDI-EN24,164,eDreams ODIGEO,eDreams ODIGEO SA,BOND,608118.0,600000.0,600000.0,Unicredit,0,1,0,1,0,1
 2024.12.31,OPTIMAL YIELD SHORT TERM,AMUNDI-EN24,167,Altice International,Altice International Sarl,BOND,155730.0,200000.0,200000.0,Unicredit,1,1,0,1,0,1
 2024.12.31,OPTIMAL YIELD SHORT TERM,AMUNDI-EN24,168,eDreams ODIGEO,eDreams ODIGEO SA,BOND,405412.0,400000.0,400000.0,Unicredit,0,1,0,1,0,1
 2024.12.31,STRATEGIC INCOME,AMUNDI-EN24,172,Caterpillar,Caterpillar Inc,BOND,499034.0,500000.0,500000.0,Unicredit,0,0,1,1,0,1
 2024.12.31,STRATEGIC INCOME,AMUNDI-EN24,173,CNH Industrial,CNH Industrial NV,BOND,7894522.0,8055000.0,8055000.0,Unicredit,0,0,0,1,0,1
 2024.12.31,STRATEGIC INCOME,AMUNDI-EN24,175,Altice International,Altice International Sarl,BOND,333488.0,455000.0,455000.0,Unicredit,1,1,0,1,0,1
 2024.12.31,STRATEGIC INCOME,AMUNDI-EN24,175,Altice International,Altice International Sarl,BOND,1952517.0,2690000.0,2690000.0,Unicredit,1,1,0,1,0,1
 2024.12.31,STRATEGIC INCOME,AMUNDI-EN24,175,Altice International,Altice International Sarl,BOND,5483445.0,7606000.0,7606000.0,Unicredit,1,1,0,1,0,1
 2024.12.31,NET ZERO AMBITION US CORPORATE BOND,AMUNDI-EN24,185,CNH Industrial,CNH Industrial NV,BOND,347248.0,352000.0,338819.91,Unicredit,0,0,0,1,0,1
 2024.12.31,NET ZERO AMBITION US CORPORATE BOND,AMUNDI-EN24,185,HD Hyundai,HD Hyundai Co. Ltd,BOND,289032.0,321000.0,308980.65,Unicredit,0,0,1,1,0,1
 2024.12.31,NET ZERO AMBITION US CORPORATE BOND,AMUNDI-EN24,185,HD Hyundai,HD Hyundai Co. Ltd,BOND,40164.0,40000.0,38502.26,Unicredit,0,0,1,1,0,1
 2024.12.31,US BOND,AMUNDI-EN24,189,Caterpillar,Caterpillar Inc,BOND,499034.0,500000.0,500000.0,Unicredit,0,0,1,1,0,1
 2024.12.31,US BOND,AMUNDI-EN24,189,CNH Industrial,CNH Industrial NV,BOND,6060430.0,6470000.0,6470000.0,Unicredit,0,0,0,1,0,1
 2024.12.31,US BOND,AMUNDI-EN24,190,HD Hyundai,HD Hyundai Co. Ltd,BOND,3262979.0,3310000.0,3310000.0,Unicredit,0,0,1,1,0,1
 2024.12.31,US BOND,AMUNDI-EN24,190,HD Hyundai,HD Hyundai Co. Ltd,BOND,1648996.0,1640000.0,1640000.0,Unicredit,0,0,1,1,0,1
 2024.12.31,US CORPORATE BOND,AMUNDI-EN24,203,CNH Industrial,CNH Industrial NV,BOND,1075285.0,1090000.0,1049186.64,Unicredit,0,0,0,1,0,1
 2024.12.31,US CORPORATE BOND,AMUNDI-EN24,203,CNH Industrial,CNH Industrial NV,BOND,2364647.0,2330000.0,2242756.76,Unicredit,0,0,0,1,0,1
 2024.12.31,US CORPORATE BOND,AMUNDI-EN24,203,HD Hyundai,HD Hyundai Co. Ltd,BOND,2280184.0,2190000.0,2107998.84,Unicredit,0,0,1,1,0,1
 2024.12.31,US CORPORATE BOND,AMUNDI-EN24,203,HD Hyundai,HD Hyundai Co. Ltd,BOND,872049.0,835000.0,803734.72,Unicredit,0,0,1,1,0,1
 2024.12.31,US SHORT TERM BOND,AMUNDI-EN24,207,CNH Industrial,CNH Industrial NV,BOND,1164315.0,1243000.0,1243000.0,Unicredit,0,0,0,1,0,1
 2024.12.31,US SHORT TERM BOND,AMUNDI-EN24,207,CNH Industrial,CNH Industrial NV,BOND,1640719.0,1705000.0,1705000.0,Unicredit,0,0,0,1,0,1
 2024.12.31,US SHORT TERM BOND,AMUNDI-EN24,207,HD Hyundai,HD Hyundai Co. Ltd,BOND,752064.0,770000.0,770000.0,Unicredit,0,0,1,1,0,1
 2024.12.31,US SHORT TERM BOND,AMUNDI-EN24,207,HD Hyundai,HD Hyundai Co. Ltd,BOND,823018.0,850000.0,850000.0,Unicredit,0,0,1,1,0,1
 2024.12.31,US SHORT TERM BOND,AMUNDI-EN24,207,HD Hyundai,HD Hyundai Co. Ltd,BOND,1190291.0,1230000.0,1230000.0,Unicredit,0,0,1,1,0,1
 2024.12.31,US SHORT TERM BOND,AMUNDI-EN24,207,HD Hyundai,HD Hyundai Co. Ltd,BOND,874160.0,900000.0,900000.0,Unicredit,0,0,1,1,0,1
 2024.12.31,US SHORT TERM BOND,AMUNDI-EN24,207,Expedia,Expedia Group Inc,BOND,1934486.0,2000000.0,2000000.0,Unicredit,1,1,0,1,0,1
 2024.12.31,EMERGING MARKETS CORPORATE BOND,AMUNDI-EN24,231,Altice International,Altice International Sarl,BOND,1178775.0,1500000.0,1443834.83,Unicredit,1,1,0,1,0,1
 2024.12.31,EMERGING MARKETS CORPORATE BOND,AMUNDI-EN24,232,HD Hyundai,HD Hyundai Co. Ltd,BOND,1764836.0,1840000.0,1771104.05,Unicredit,0,0,1,1,0,1
 2024.12.31,EMERGING MARKETS CORPORATE HIGH YIELD BOND,AMUNDI-EN24,236,Altice International,Altice International Sarl,BOND,227673.0,300000.0,300000.0,Unicredit,1,1,0,1,0,1
 2024.12.31,EMERGING MARKETS GREEN BOND,AMUNDI-EN24,240,HD Hyundai,HD Hyundai Co. Ltd,BOND,690588.0,720000.0,693040.72,Unicredit,0,0,1,1,0,1
 2024.12.31,ASIA MULTI-ASSET TARGET INCOME,AMUNDI-EN24,254,HD Hyundai,HD Hyundai Co. Ltd,EQUITY,39844.0,376.0,361.92,Unicredit,0,0,1,1,0,1
 2024.12.31,EURO MULTI-ASSET TARGET INCOME,AMUNDI-EN24,257,Carlsberg Group,Carlsberg Group AS,EQUITY,213276.0,2305.0,2305.0,Unicredit,0,0,0,1,0,1
 2024.12.31,EURO MULTI-ASSET TARGET INCOME,AMUNDI-EN24,257,Siemens,Siemens AG,EQUITY,629602.0,3339.0,3339.0,Unicredit,0,0,0,1,0,1
 2024.12.31,EURO MULTI-ASSET TARGET INCOME,AMUNDI-EN24,257,Siemens,Siemens AG,EQUITY,277402.0,5418.0,5418.0,Unicredit,0,0,0,1,0,1
 2024.12.31,EURO MULTI-ASSET TARGET INCOME,AMUNDI-EN24,257,BP Plc,BP Plc,EQUITY,226474.0,47646.0,47646.0,Unicredit,0,0,1,0,0,1
 2024.12.31,EURO MULTI-ASSET TARGET INCOME,AMUNDI-EN24,258,Alphabet,Alphabet Inc,EQUITY,187737.0,1020.0,1020.0,Unicredit,0,0,1,0,0,1
 2024.12.31,EURO MULTI-ASSET TARGET INCOME,AMUNDI-EN24,258,Alphabet,Alphabet Inc,EQUITY,342480.0,1849.0,1849.0,Unicredit,0,0,1,0,0,1
 2024.12.31,EURO MULTI-ASSET TARGET INCOME,AMUNDI-EN24,258,Amazon,Amazon.com Inc,EQUITY,622517.0,2918.0,2918.0,Unicredit,0,0,1,0,0,1
 2024.12.31,EURO MULTI-ASSET TARGET INCOME,AMUNDI-EN24,258,Apple,Apple Inc,EQUITY,611419.0,2520.0,2520.0,Unicredit,0,0,0,0,0,1
 2024.12.31,EURO MULTI-ASSET TARGET INCOME,AMUNDI-EN24,258,Cisco Systems,Cisco Systems Inc,EQUITY,433424.0,7616.0,7616.0,Unicredit,0,0,0,1,0,1
 2024.12.31,EURO MULTI-ASSET TARGET INCOME,AMUNDI-EN24,258,Microsoft,Microsoft Corp.,EQUITY,549268.0,1344.0,1344.0,Unicredit,0,0,1,0,0,1
 2024.12.31,EURO MULTI-ASSET TARGET INCOME,AMUNDI-EN24,258,NVIDIA,NVIDIA Corporation,EQUITY,514300.0,3915.0,3915.0,Unicredit,0,0,0,0,0,1
 2024.12.31,EURO MULTI-ASSET TARGET INCOME,AMUNDI-EN24,259,Carrefour,Carrefour SA,BOND,99962.0,100000.0,100000.0,Unicredit,0,0,0,1,0,1
 2024.12.31,EURO MULTI-ASSET TARGET INCOME,AMUNDI-EN24,260,Heidelberg Materials,Heidelberg Materials AG,BOND,60748.0,60000.0,60000.0,Unicredit,1,0,1,1,0,1
 2024.12.31,GLOBAL MULTI-ASSET,AMUNDI-EN24,266,Petróleo Brasileiro,Petróleo Brasileiro SA,EQUITY,292007.0,47400.0,47400.0,Unicredit,0,0,1,0,0,1
 2024.12.31,GLOBAL MULTI-ASSET,AMUNDI-EN24,266,Petróleo Brasileiro,Petróleo Brasileiro SA,EQUITY,128361.0,22690.0,22690.0,Unicredit,0,0,1,0,0,1
 2024.12.31,GLOBAL MULTI-ASSET,AMUNDI-EN24,267,Carlsberg Group,Carlsberg Group AS,EQUITY,712739.0,7703.0,7703.0,Unicredit,0,0,0,1,0,1
 2024.12.31,GLOBAL MULTI-ASSET,AMUNDI-EN24,267,Siemens,Siemens AG,EQUITY,1240725.0,6580.0,6580.0,Unicredit,0,0,0,1,0,1
 2024.12.31,GLOBAL MULTI-ASSET,AMUNDI-EN24,268,Leonardo,Leonardo SpA,EQUITY,508228.0,19600.0,19600.0,Unicredit,0,0,1,0,0,1
 2024.12.31,GLOBAL MULTI-ASSET,AMUNDI-EN24,268,FANUC Corp,FANUC Corporation,EQUITY,205236.0,8000.0,8000.0,Unicredit,0,0,1,0,0,1
 2024.12.31,GLOBAL MULTI-ASSET,AMUNDI-EN24,269,HD Hyundai,HD Hyundai Co. Ltd,EQUITY,271698.0,2655.0,2655.0,Unicredit,0,0,1,1,0,1
 2024.12.31,GLOBAL MULTI-ASSET,AMUNDI-EN24,270,BP Plc,BP Plc,EQUITY,606835.0,127667.0,127667.0,Unicredit,0,0,1,0,0,1
 2024.12.31,GLOBAL MULTI-ASSET,AMUNDI-EN24,270,Alphabet,Alphabet Inc,EQUITY,6442040.0,35028.0,35028.0,Unicredit,0,0,1,0,0,1
 2024.12.31,GLOBAL MULTI-ASSET,AMUNDI-EN24,270,Amazon,Amazon.com Inc,EQUITY,7546550.0,35619.0,35619.0,Unicredit,0,0,1,0,0,1
 2024.12.31,GLOBAL MULTI-ASSET,AMUNDI-EN24,270,Apple,Apple Inc,EQUITY,9575694.0,39596.0,39596.0,Unicredit,0,0,0,0,0,1
 2024.12.31,GLOBAL MULTI-ASSET,AMUNDI-EN24,270,Cisco Systems,Cisco Systems Inc,EQUITY,6171721.0,107953.0,107953.0,Unicredit,0,0,0,1,0,1
 2024.12.31,GLOBAL MULTI-ASSET,AMUNDI-EN24,270,Microsoft,Microsoft Corp.,EQUITY,6227861.0,15300.0,15300.0,Unicredit,0,0,1,0,0,1
 2024.12.31,GLOBAL MULTI-ASSET,AMUNDI-EN24,270,NVIDIA,NVIDIA Corporation,EQUITY,2838830.0,21890.0,21890.0,Unicredit,0,0,0,0,0,1
 2024.12.31,GLOBAL MULTI-ASSET,AMUNDI-EN24,271,Altice International,Altice International Sarl,BOND,501636.0,600000.0,600000.0,Unicredit,1,1,0,1,0,1
 2024.12.31,GLOBAL MULTI-ASSET,AMUNDI-EN24,271,Altice International,Altice International Sarl,BOND,146588.0,200000.0,200000.0,Unicredit,1,1,0,1,0,1
 2024.12.31,GLOBAL MULTI-ASSET,AMUNDI-EN24,272,Siemens,Siemens AG,BOND,1602208.0,1600000.0,1600000.0,Unicredit,0,0,0,1,0,1
 2024.12.31,GLOBAL MULTI-ASSET CONSERVATIVE,AMUNDI-EN24,275,Carlsberg Group,Carlsberg Group AS,EQUITY,1636347.0,17685.0,17685.0,Unicredit,0,0,0,1,0,1
 2024.12.31,GLOBAL MULTI-ASSET CONSERVATIVE,AMUNDI-EN24,275,Siemens,Siemens AG,EQUITY,2843107.0,15078.0,15078.0,Unicredit,0,0,0,1,0,1
 2024.12.31,GLOBAL MULTI-ASSET CONSERVATIVE,AMUNDI-EN24,275,Leonardo,Leonardo SpA,EQUITY,1167109.0,45010.0,45010.0,Unicredit,0,0,1,0,0,1
 2024.12.31,GLOBAL MULTI-ASSET CONSERVATIVE,AMUNDI-EN24,275,BP Plc,BP Plc,EQUITY,1396248.0,293745.0,293745.0,Unicredit,0,0,1,0,0,1
 2024.12.31,GLOBAL MULTI-ASSET CONSERVATIVE,AMUNDI-EN24,275,Alphabet,Alphabet Inc,EQUITY,11299501.0,61440.0,61440.0,Unicredit,0,0,1,0,0,1
 2024.12.31,GLOBAL MULTI-ASSET CONSERVATIVE,AMUNDI-EN24,275,Amazon,Amazon.com Inc,EQUITY,13275901.0,62661.0,62661.0,Unicredit,0,0,1,0,0,1
 2024.12.31,GLOBAL MULTI-ASSET CONSERVATIVE,AMUNDI-EN24,275,Apple,Apple Inc,EQUITY,16845974.0,69659.0,69659.0,Unicredit,0,0,0,0,0,1
 2024.12.31,GLOBAL MULTI-ASSET CONSERVATIVE,AMUNDI-EN24,276,Cisco Systems,Cisco Systems Inc,EQUITY,10924587.0,191088.0,191088.0,Unicredit,0,0,0,1,0,1
 2024.12.31,GLOBAL MULTI-ASSET CONSERVATIVE,AMUNDI-EN24,276,Microsoft,Microsoft Corp.,EQUITY,11315169.0,27798.0,27798.0,Unicredit,0,0,1,0,0,1
 2024.12.31,GLOBAL MULTI-ASSET CONSERVATIVE,AMUNDI-EN24,276,NVIDIA,NVIDIA Corporation,EQUITY,4983449.0,38427.0,38427.0,Unicredit,0,0,0,0,0,1
 2024.12.31,GLOBAL MULTI-ASSET CONSERVATIVE,AMUNDI-EN24,276,Altice International,Altice International Sarl,BOND,4180300.0,5000000.0,5000000.0,Unicredit,1,1,0,1,0,1
 2024.12.31,GLOBAL MULTI-ASSET CONSERVATIVE,AMUNDI-EN24,276,Altice International,Altice International Sarl,BOND,586352.0,800000.0,800000.0,Unicredit,1,1,0,1,0,1
 2024.12.31,GLOBAL MULTI-ASSET CONSERVATIVE,AMUNDI-EN24,278,Siemens,Siemens AG,BOND,10214076.0,10200000.0,10200000.0,Unicredit,0,0,0,1,0,1
 2024.12.31,GLOBAL MULTI-ASSET TARGET INCOME,AMUNDI-EN24,281,Alphabet,Alphabet Inc,EQUITY,341687.0,1805.0,1737.41,Unicredit,0,0,1,0,0,1
 2024.12.31,GLOBAL MULTI-ASSET TARGET INCOME,AMUNDI-EN24,281,Alphabet,Alphabet Inc,EQUITY,623881.0,3276.0,3153.34,Unicredit,0,0,1,0,0,1
 2024.12.31,GLOBAL MULTI-ASSET TARGET INCOME,AMUNDI-EN24,281,Amazon,Amazon.com Inc,EQUITY,1132929.0,5164.0,4970.64,Unicredit,0,0,1,0,0,1
 2024.12.31,GLOBAL MULTI-ASSET TARGET INCOME,AMUNDI-EN24,281,Apple,Apple Inc,EQUITY,1121630.0,4479.0,4311.29,Unicredit,0,0,0,0,0,1
 2024.12.31,GLOBAL MULTI-ASSET TARGET INCOME,AMUNDI-EN24,281,Cisco Systems,Cisco Systems Inc,EQUITY,916297.0,15478.0,14898.45,Unicredit,0,0,0,1,0,1
 2024.12.31,GLOBAL MULTI-ASSET TARGET INCOME,AMUNDI-EN24,281,Microsoft,Microsoft Corp.,EQUITY,1307914.0,3103.0,2986.81,Unicredit,0,0,1,0,0,1
 2024.12.31,GLOBAL MULTI-ASSET TARGET INCOME,AMUNDI-EN24,281,NVIDIA,NVIDIA Corporation,EQUITY,902428.0,6720.0,6468.38,Unicredit,0,0,0,0,0,1
 2024.12.31,GLOBAL MULTI-ASSET TARGET INCOME,AMUNDI-EN24,282,Carlsberg Group,Carlsberg Group AS,BOND,330820.0,300000.0,288766.97,Unicredit,0,0,0,1,0,1
 2024.12.31,GLOBAL MULTI-ASSET TARGET INCOME,AMUNDI-EN24,285,Siemens,Siemens AG,BOND,412970.0,400000.0,385022.62,Unicredit,0,0,0,1,0,1
 2024.12.31,GLOBAL MULTI-ASSET TARGET INCOME,AMUNDI-EN24,286,Apple,Apple Inc,BOND,274383.0,300000.0,288766.97,Unicredit,0,0,0,0,0,1
 2024.12.31,GLOBAL MULTI-ASSET TARGET INCOME,AMUNDI-EN24,287,Microsoft,Microsoft Corp.,BOND,265108.0,400000.0,385022.62,Unicredit,0,0,1,0,0,1
 2024.12.31,GLOBAL MULTI-ASSET TARGET INCOME,AMUNDI-EN24,287,Microsoft,Microsoft Corp.,BOND,266799.0,300000.0,288766.97,Unicredit,0,0,1,0,0,1
 2024.12.31,INCOME OPPORTUNITIES,AMUNDI-EN24,289,HD Hyundai,HD Hyundai Co. Ltd,EQUITY,1021154.0,7091.0,6825.49,Unicredit,0,0,1,1,0,1
 2024.12.31,INCOME OPPORTUNITIES,AMUNDI-EN24,289,Cisco Systems,Cisco Systems Inc,EQUITY,41852684.0,706971.0,680499.57,Unicredit,0,0,0,1,0,1
 2024.12.31,INCOME OPPORTUNITIES,AMUNDI-EN24,290,Caterpillar,Caterpillar Inc,BOND,258375.0,250000.0,240639.14,Unicredit,0,0,1,1,0,1
 2024.12.31,MULTI-ASSET REAL RETURN,AMUNDI-EN24,296,Carlsberg Group,Carlsberg Group AS,EQUITY,41651.0,915.0,915.0,Unicredit,0,0,0,1,0,1
 2024.12.31,MULTI-ASSET REAL RETURN,AMUNDI-EN24,296,Siemens,Siemens AG,EQUITY,410872.0,2179.0,2179.0,Unicredit,0,0,0,1,0,1
 2024.12.31,MULTI-ASSET REAL RETURN,AMUNDI-EN24,296,Siemens,Siemens AG,EQUITY,188160.0,3675.0,3675.0,Unicredit,0,0,0,1,0,1
 2024.12.31,MULTI-ASSET REAL RETURN,AMUNDI-EN24,296,Alphabet,Alphabet Inc,EQUITY,217727.0,1191.0,1191.0,Unicredit,0,0,1,0,0,1
 2024.12.31,MULTI-ASSET REAL RETURN,AMUNDI-EN24,296,Alphabet,Alphabet Inc,EQUITY,397432.0,2161.0,2161.0,Unicredit,0,0,1,0,0,1
 2024.12.31,MULTI-ASSET REAL RETURN,AMUNDI-EN24,296,Amazon,Amazon.com Inc,EQUITY,725649.0,3425.0,3425.0,Unicredit,0,0,1,0,0,1
 2024.12.31,MULTI-ASSET REAL RETURN,AMUNDI-EN24,296,Apple,Apple Inc,EQUITY,715347.0,2958.0,2958.0,Unicredit,0,0,0,0,0,1
 2024.12.31,MULTI-ASSET REAL RETURN,AMUNDI-EN24,296,Cisco Systems,Cisco Systems Inc,EQUITY,509217.0,8907.0,8907.0,Unicredit,0,0,0,1,0,1
 2024.12.31,MULTI-ASSET REAL RETURN,AMUNDI-EN24,297,Microsoft,Microsoft Corp.,EQUITY,637439.0,1566.0,1566.0,Unicredit,0,0,1,0,0,1
 2024.12.31,MULTI-ASSET REAL RETURN,AMUNDI-EN24,297,NVIDIA,NVIDIA Corporation,EQUITY,575547.0,4438.0,4438.0,Unicredit,0,0,0,0,0,1
 2024.12.31,MULTI-ASSET REAL RETURN,AMUNDI-EN24,297,Carrefour,Carrefour SA,BOND,329633.0,332000.0,332000.0,Unicredit,0,0,0,1,0,1
 2024.12.31,MULTI-ASSET SUSTAINABLE FUTURE,AMUNDI-EN24,301,Cisco Systems,Cisco Systems Inc,EQUITY,4743718.0,82975.0,82975.0,Unicredit,0,0,0,1,0,1
 2024.12.31,MULTI-ASSET SUSTAINABLE FUTURE,AMUNDI-EN24,302,Hewlett Packard Enterprise,Hewlett Packard Enterprise Company,EQUITY,3182150.0,154338.0,154338.0,Unicredit,0,0,1,1,0,1
 2024.12.31,MULTI-ASSET SUSTAINABLE FUTURE,AMUNDI-EN24,302,Microsoft,Microsoft Corp.,EQUITY,16772485.0,41205.0,41205.0,Unicredit,0,0,1,0,0,1
 2024.12.31,MULTI-ASSET SUSTAINABLE FUTURE,AMUNDI-EN24,302,NVIDIA,NVIDIA Corporation,EQUITY,14629506.0,112807.0,112807.0,Unicredit,0,0,0,0,0,1
 2024.12.31,MULTI-ASSET SUSTAINABLE FUTURE,AMUNDI-EN24,303,International Business Machines,International Business Machines Corp.,BOND,2994750.0,3000000.0,3000000.0,Unicredit,0,0,1,1,0,1
 2024.12.31,NET ZERO AMBITION MULTI-ASSET,AMUNDI-EN24,305,Siemens,Siemens AG,EQUITY,135575.0,719.0,719.0,Unicredit,0,0,0,1,0,1
 2024.12.31,NET ZERO AMBITION MULTI-ASSET,AMUNDI-EN24,305,Siemens,Siemens AG,EQUITY,144036.0,2859.0,2859.0,Unicredit,0,0,0,1,0,1
 2024.12.31,NET ZERO AMBITION MULTI-ASSET,AMUNDI-EN24,305,FANUC Corp,FANUC Corporation,EQUITY,48744.0,1900.0,1900.0,Unicredit,0,0,1,0,0,1
 2024.12.31,NET ZERO AMBITION MULTI-ASSET,AMUNDI-EN24,306,HD Hyundai,HD Hyundai Co. Ltd,EQUITY,128532.0,1256.0,1256.0,Unicredit,0,0,1,1,0,1
 2024.12.31,NET ZERO AMBITION MULTI-ASSET,AMUNDI-EN24,307,Airbnb,Airbnb Inc,EQUITY,44163.0,348.0,348.0,Unicredit,1,1,1,1,0,1
 2024.12.31,NET ZERO AMBITION MULTI-ASSET,AMUNDI-EN24,307,Alphabet,Alphabet Inc,EQUITY,1564857.0,8560.0,8560.0,Unicredit,0,0,1,0,0,1
 2024.12.31,NET ZERO AMBITION MULTI-ASSET,AMUNDI-EN24,307,Alphabet,Alphabet Inc,EQUITY,1113399.0,6054.0,6054.0,Unicredit,0,0,1,0,0,1
 2024.12.31,NET ZERO AMBITION MULTI-ASSET,AMUNDI-EN24,307,Apple,Apple Inc,EQUITY,3825103.0,15817.0,15817.0,Unicredit,0,0,0,0,0,1
 2024.12.31,NET ZERO AMBITION MULTI-ASSET,AMUNDI-EN24,307,Blackrock,Blackrock Inc,EQUITY,118930.0,120.0,120.0,Unicredit,0,0,0,0,0,1
 2024.12.31,NET ZERO AMBITION MULTI-ASSET,AMUNDI-EN24,307,Booking Holdings,Booking Holdings Inc,EQUITY,191924.0,40.0,40.0,Unicredit,1,1,1,1,0,1
 2024.12.31,NET ZERO AMBITION MULTI-ASSET,AMUNDI-EN24,307,Cisco Systems,Cisco Systems Inc,EQUITY,336791.0,5891.0,5891.0,Unicredit,0,0,0,1,0,1
 2024.12.31,NET ZERO AMBITION MULTI-ASSET,AMUNDI-EN24,308,Hewlett Packard Enterprise,Hewlett Packard Enterprise Company,EQUITY,74287.0,3603.0,3603.0,Unicredit,0,0,1,1,0,1
 2024.12.31,NET ZERO AMBITION MULTI-ASSET,AMUNDI-EN24,308,Microsoft,Microsoft Corp.,EQUITY,3265354.0,8022.0,8022.0,Unicredit,0,0,1,0,0,1
 2024.12.31,NET ZERO AMBITION MULTI-ASSET,AMUNDI-EN24,308,Motorola Solutions,Motorola Solutions Inc,EQUITY,58499.0,131.0,131.0,Unicredit,1,1,0,1,0,1
 2024.12.31,NET ZERO AMBITION MULTI-ASSET,AMUNDI-EN24,308,NVIDIA,NVIDIA Corporation,EQUITY,3556125.0,27421.0,27421.0,Unicredit,0,0,0,0,0,1
 2024.12.31,NET ZERO AMBITION MULTI-ASSET,AMUNDI-EN24,312,CNH Industrial,CNH Industrial NV,BOND,285804.0,300000.0,300000.0,Unicredit,0,0,0,1,0,1
 2024.12.31,PIONEER FLEXIBLE OPPORTUNITIES,AMUNDI-EN24,315,Cisco Systems,Cisco Systems Inc,EQUITY,832707.0,14066.0,13539.32,Unicredit,0,0,0,1,0,1
 2024.12.31,REAL ASSETS TARGET INCOME,AMUNDI-EN24,317,BP Plc,BP Plc,EQUITY,984401.0,200000.0,192511.31,Unicredit,0,0,1,0,0,1
 2024.12.31,REAL ASSETS TARGET INCOME,AMUNDI-EN24,318,Chevron,Chevron Corporation,EQUITY,1811500.0,12500.0,12031.96,Unicredit,0,0,1,0,0,1
 2024.12.31,ABSOLUTE RETURN FOREX,AMUNDI-EN24,321,Volvo Car Corp,Volvo Car Corporation,BOND,1200270.0,1200000.0,1200000.0,Unicredit,0,0,1,1,0,1
 2024.12.31,ABSOLUTE RETURN MULTI-STRATEGY,AMUNDI-EN24,322,Siemens,Siemens AG,EQUITY,1887108.0,10008.0,10008.0,Unicredit,0,0,0,1,0,1
 2024.12.31,ABSOLUTE RETURN MULTI-STRATEGY,AMUNDI-EN24,322,Siemens,Siemens AG,EQUITY,1677805.0,33303.0,33303.0,Unicredit,0,0,0,1,0,1
 2024.12.31,ABSOLUTE RETURN MULTI-STRATEGY,AMUNDI-EN24,322,Alphabet,Alphabet Inc,EQUITY,3153248.0,17132.0,17132.0,Unicredit,0,0,1,0,0,1
 2024.12.31,ABSOLUTE RETURN MULTI-STRATEGY,AMUNDI-EN24,322,Amazon,Amazon.com Inc,EQUITY,3569547.0,16732.0,16732.0,Unicredit,0,0,1,0,0,1
 2024.12.31,ABSOLUTE RETURN MULTI-STRATEGY,AMUNDI-EN24,322,Apple,Apple Inc,EQUITY,3179866.0,13106.0,13106.0,Unicredit,0,0,0,0,0,1
 2024.12.31,ABSOLUTE RETURN MULTI-STRATEGY,AMUNDI-EN24,322,Microsoft,Microsoft Corp.,EQUITY,2971525.0,7271.0,7271.0,Unicredit,0,0,1,0,0,1
 2024.12.31,ABSOLUTE RETURN MULTI-STRATEGY,AMUNDI-EN24,322,NVIDIA,NVIDIA Corporation,EQUITY,3450735.0,26268.0,26268.0,Unicredit,0,0,0,0,0,1
 2024.12.31,ABSOLUTE RETURN MULTI-STRATEGY,AMUNDI-EN24,325,Volvo Car Corp,Volvo Car Corporation,BOND,401716.0,400000.0,400000.0,Unicredit,0,0,1,1,0,1
 2024.12.31,ABSOLUTE RETURN MULTI-STRATEGY,AMUNDI-EN24,325,Volvo Car Corp,Volvo Car Corporation,BOND,602760.0,600000.0,600000.0,Unicredit,0,0,1,1,0,1
 2024.12.31,MULTI-STRATEGY GROWTH,AMUNDI-EN24,332,Siemens,Siemens AG,EQUITY,2455428.0,13022.0,13022.0,Unicredit,0,0,0,1,0,1
 2024.12.31,MULTI-STRATEGY GROWTH,AMUNDI-EN24,332,Siemens,Siemens AG,EQUITY,1926481.0,38239.0,38239.0,Unicredit,0,0,0,1,0,1
 2024.12.31,MULTI-STRATEGY GROWTH,AMUNDI-EN24,332,Alphabet,Alphabet Inc,EQUITY,3477554.0,18894.0,18894.0,Unicredit,0,0,1,0,0,1
 2024.12.31,MULTI-STRATEGY GROWTH,AMUNDI-EN24,332,Amazon,Amazon.com Inc,EQUITY,3396318.0,15920.0,15920.0,Unicredit,0,0,1,0,0,1
 2024.12.31,MULTI-STRATEGY GROWTH,AMUNDI-EN24,332,Apple,Apple Inc,EQUITY,3506927.0,14454.0,14454.0,Unicredit,0,0,0,0,0,1
 2024.12.31,MULTI-STRATEGY GROWTH,AMUNDI-EN24,332,Microsoft,Microsoft Corp.,EQUITY,3277219.0,8019.0,8019.0,Unicredit,0,0,1,0,0,1
 2024.12.31,MULTI-STRATEGY GROWTH,AMUNDI-EN24,332,NVIDIA,NVIDIA Corporation,EQUITY,4466592.0,34001.0,34001.0,Unicredit,0,0,0,0,0,1
 2024.12.31,MULTI-STRATEGY GROWTH,AMUNDI-EN24,335,Volvo Car Corp,Volvo Car Corporation,BOND,502145.0,500000.0,500000.0,Unicredit,0,0,1,1,0,1
 2024.12.31,MULTI-STRATEGY GROWTH,AMUNDI-EN24,335,Volvo Car Corp,Volvo Car Corporation,BOND,703220.0,700000.0,700000.0,Unicredit,0,0,1,1,0,1
 2024.12.31,CASH EUR,AMUNDI-EN24,344,Volvo Car Corp,Volvo Car Corporation,BOND,2298568.0,2297000.0,2297000.0,Unicredit,0,0,1,1,0,1
 2024.12.31,CASH EUR,AMUNDI-EN24,344,Volvo Car Corp,Volvo Car Corporation,BOND,4410373.0,4400000.0,4400000.0,Unicredit,0,0,1,1,0,1
 2024.12.31,CASH EUR,AMUNDI-EN24,344,Volvo Car Corp,Volvo Car Corporation,BOND,6505222.0,6500000.0,6500000.0,Unicredit,0,0,1,1,0,1
 2024.12.31,CASH EUR,AMUNDI-EN24,345,Carrefour,Carrefour SA,BOND,14983741.0,15000000.0,15000000.0,Unicredit,0,0,0,1,0,1
 2024.12.31,CASH USD,AMUNDI-EN24,347,International Business Machines,International Business Machines Corp.,BOND,20028052.0,20000000.0,19251131.0,Unicredit,0,0,1,1,0,1
 2024.12.31,CASH USD,AMUNDI-EN24,347,Caterpillar,Caterpillar Inc,BOND,10009782.0,10000000.0,9625565.5,Unicredit,0,0,1,1,0,1
 2024.12.31,CASH USD,AMUNDI-EN24,348,HD Hyundai,HD Hyundai Co. Ltd,BOND,49853610.0,50000000.0,48127827.51,Unicredit,0,0,1,1,0,1
 2024.12.30,AMUNDI ACCUMULAZIONE EQUITY QUALITY 2028,AMUNDI-IT24,105,HD Hyundai,HD Hyundai Co. Ltd,BOND,355000.0,97.533,97.53,Unicredit,0,0,1,1,0,1
 2024.12.30,AMUNDI ACCUMULAZIONE EQUITY QUALITY 2028,AMUNDI-IT24,105,Expedia,Expedia Group Inc,BOND,315000.0,100.059,100.06,Unicredit,1,1,0,1,0,1
 2024.12.30,AMUNDI ACCUMULAZIONE EQUITY QUALITY 2028,AMUNDI-IT24,106,Hewlett Packard Enterprise,Hewlett Packard Enterprise Company,EQUITY,12352.0,21.4,21.4,Unicredit,0,0,1,1,0,1
 2024.12.30,AMUNDI ACCUMULAZIONE EQUITY QUALITY 2028 DUE,AMUNDI-IT24,133,HD Hyundai,HD Hyundai Co. Ltd,BOND,431000.0,96.411,96.41,Unicredit,0,0,1,1,0,1
 2024.12.30,AMUNDI ACCUMULAZIONE EQUITY QUALITY 2028 DUE,AMUNDI-IT24,133,CNH Industrial,CNH Industrial NV,BOND,434000.0,95.059,95.06,Unicredit,0,0,0,1,0,1
 2024.12.30,AMUNDI ACCUMULAZIONE EQUITY QUALITY 2028 DUE,AMUNDI-IT24,134,Expedia,Expedia Group Inc,BOND,384000.0,100.102,100.1,Unicredit,1,1,0,1,0,1
 2024.12.30,AMUNDI ACCUMULAZIONE FOOD & AGRIBUSINESS 2028,AMUNDI-IT24,210,International Business Machines,International Business Machines Corp.,BOND,360000.0,90.439,90.44,Unicredit,0,0,1,1,0,1
 2024.12.30,AMUNDI ACCUMULAZIONE FOOD & AGRIBUSINESS 2028,AMUNDI-IT24,210,Carlsberg Group,Carlsberg Group AS,BOND,350000.0,91.436,91.44,Unicredit,0,0,0,1,0,1
 2024.12.30,AMUNDI ACCUMULAZIONE HEALTHCARE 2027,AMUNDI-IT24,340,HD Hyundai,HD Hyundai Co. Ltd,BOND,395000.0,96.411,96.41,Unicredit,0,0,1,1,0,1
 2024.12.30,AMUNDI ACCUMULAZIONE HUMAN TRENDS 2025,AMUNDI-IT24,365,Blackrock,Blackrock Inc,EQUITY,28070.57,14.95,14.95,Unicredit,0,0,0,0,0,1
 2024.12.30,AMUNDI ACCUMULAZIONE HUMAN TRENDS 2025 DUE,AMUNDI-IT24,392,Blackrock,Blackrock Inc,EQUITY,63976.18,14.95,14.95,Unicredit,0,0,0,0,0,1
 2024.12.30,AMUNDI ACCUMULAZIONE INFRASTRUTTURE GLOBALI 2026,AMUNDI-IT24,446,Caterpillar,Caterpillar Inc,BOND,600000.0,96.854,96.85,Unicredit,0,0,1,1,0,1
 2024.12.30,AMUNDI ACCUMULAZIONE INFRASTRUTTURE GLOBALI 2028 DUE,AMUNDI-IT24,527,HD Hyundai,HD Hyundai Co. Ltd,BOND,137000.0,96.411,96.41,Unicredit,0,0,1,1,0,1
 2024.12.30,AMUNDI ACCUMULAZIONE INFRASTRUTTURE GLOBALI 2028 DUE,AMUNDI-IT24,527,CNH Industrial,CNH Industrial NV,BOND,138000.0,95.059,95.06,Unicredit,0,0,0,1,0,1
 2024.12.30,AMUNDI ACCUMULAZIONE INTELLIGENZA ARTIFICIALE 2029,AMUNDI-IT24,558,Amazon,Amazon.com Inc,EQUITY,7958.0,221.3,221.3,Unicredit,0,0,1,0,0,1
 2024.12.30,AMUNDI ACCUMULAZIONE INTELLIGENZA ARTIFICIALE 2029,AMUNDI-IT24,558,NVIDIA,NVIDIA Corporation,EQUITY,9213.0,137.49,137.49,Unicredit,0,0,0,0,0,1
 2024.12.30,AMUNDI ACCUMULAZIONE INTELLIGENZA ARTIFICIALE 2029,AMUNDI-IT24,558,Microsoft,Microsoft Corp.,EQUITY,2906.0,424.83,424.83,Unicredit,0,0,1,0,0,1
 2024.12.30,AMUNDI ACCUMULAZIONE INTELLIGENZA ARTIFICIALE 2029,AMUNDI-IT24,558,Alphabet,Alphabet Inc,EQUITY,6436.0,191.24,191.24,Unicredit,0,0,1,0,0,1
 2024.12.30,AMUNDI ACCUMULAZIONE INTELLIGENZA ARTIFICIALE 2029,AMUNDI-IT24,558,Apple,Apple Inc,EQUITY,3593.0,252.2,252.2,Unicredit,0,0,0,0,0,1
 2024.12.30,AMUNDI ACCUMULAZIONE INTELLIGENZA ARTIFICIALE 2029,AMUNDI-IT24,559,Booking Holdings,Booking Holdings Inc,EQUITY,66.0,4990.87,4990.87,Unicredit,1,1,1,1,0,1
 2024.12.31,GLOBAL EQUITY ESG IMPROVERS,AMUNDI-EN24,24,Bunge Alimentos S/A,Bunge Alimentos S/A,EQUITY,3409260.0,43849.0,42207.14,Unicredit,0,0,0,0,1,0
